2210,90,1.884
2210,90,1.945
2211,90,1.928
2211,90,1.958
2211,90,1.945
2211,90,1.923
2212,90,1.296
2212,90,1.078
2212,90,1.109
2212,90,1.196
2212,90,1.178
2223,90,1.967
2223,90,2.002
2223,90,2.010
2223,90,1.928
2224,90,1.993
2224,90,1.897
2224,90,1.901
2224,90,1.958
2224,90,1.997
2235,90,1.941
2235,90,1.945
2235,90,1.980
2235,90,1.984
2235,90,1.941
2236,90,1.971
2236,90,1.962
2236,90,1.932
2236,90,1.954
2246,90,2.006
2247,90,1.906
2247,90,1.980
2247,90,1.993
2247,90,1.906
2247,90,1.919
2247,90,1.989
2248,90,1.928
2248,90,1.962
2258,90,1.923
2258,90,1.984
2258,90,1.949
2259,90,1.975
2259,90,1.971
2259,90,1.910
2259,90,2.006
2259,90,1.884
2259,90,1.897
2270,90,1.893
2270,90,1.919
2270,90,1.893
2270,90,1.975
2271,90,1.962
2271,90,1.914
2271,90,2.002
2271,90,2.019
2271,90,1.975
2282,90,1.962
2282,90,1.962
2282,90,1.928
2282,90,1.932
2282,90,1.858
2282,90,1.923
2283,90,1.993
2283,90,1.910
2283,90,1.958
2293,90,1.962
2293,90,1.932
2294,90,1.928
2294,90,1.971
2294,90,1.971
2294,90,1.971
2294,90,1.967
2294,90,1.862
2295,90,1.962
2305,90,1.888
2305,90,2.002
2305,90,1.958
2305,90,1.971
2306,90,1.997
2306,90,2.023
2306,90,1.984
2306,90,1.971
2306,90,1.897
2317,90,1.962
2317,90,1.867
2317,90,1.928
2317,90,1.989
2317,90,2.002
2318,90,1.949
2318,90,2.054
2318,90,1.945
2318,90,1.932
2328,90,1.980
2329,90,1.945
2329,90,1.914
2329,90,1.936
2329,90,1.928
2329,90,1.906
2329,90,1.897
2330,90,1.884
2330,90,1.980
2340,90,1.919
2340,90,1.867
2340,90,1.871
2341,90,2.002
2341,90,1.997
2341,90,1.997
2341,90,1.993
2341,90,1.840
2341,90,1.975
2352,90,1.941
2352,90,1.928
2352,90,2.010
2352,90,1.980
2353,90,1.984
2353,90,1.893
2353,90,1.971
2353,90,1.919
2353,90,1.949
2364,90,1.880
2364,90,2.041
2364,90,1.997
2364,90,1.928
2364,90,1.871
2364,90,1.910
2365,90,1.980
2365,90,1.910
2365,90,2.006
2375,90,1.932
2375,90,1.936
2376,90,1.923
2376,90,1.936
2376,90,1.888
2376,90,1.875
2376,90,1.984
2376,90,1.971
2377,90,1.928
2387,90,1.975
2387,90,2.080
2387,90,1.910
2388,90,1.906
2388,90,1.910
2388,90,1.958
2388,90,1.875
2388,90,1.993
2388,90,2.032
2399,90,1.906
2399,90,2.049
2399,90,1.975
2399,90,1.967
2399,90,1.914
2400,90,2.071
2400,90,1.993
2400,90,1.980
2400,90,1.928
2410,90,1.954
2411,90,1.997
2411,90,1.945
2411,90,1.945
2411,90,1.897
2411,90,1.967
2411,90,1.919
2412,90,1.989
2412,90,1.875
2422,90,1.936
2422,90,1.975
2422,90,1.949
2423,90,1.962
2423,90,1.888
2423,90,1.928
2423,90,2.023
2423,90,1.858
2424,90,2.015
2434,90,1.975
2434,90,1.875
2434,90,1.936
2434,90,1.901
2435,90,1.936
2435,90,1.901
2435,90,1.888
2435,90,1.941
2435,90,1.871
2446,90,1.962
2446,90,2.045
2446,90,1.901
2446,90,1.941
2446,90,1.989
2446,90,1.906
2447,90,1.888
2447,90,1.962
2447,90,2.041
2457,90,1.936
2457,90,1.914
2458,90,1.910
2458,90,1.989
2458,90,1.862
2458,90,1.962
2458,90,1.962
2458,90,2.002
2459,90,1.962
2469,90,1.980
2469,90,1.949
2469,90,1.962
2470,90,1.941
2470,90,1.980
2470,90,1.884
2470,90,1.941
2470,90,2.006
2470,90,1.975
2481,90,1.910
2481,90,1.897
2481,90,1.941
2481,90,1.967
2481,90,1.914
2482,90,1.928
2482,90,1.923
2482,90,1.958
2482,90,1.989
2492,90,1.997
2493,90,1.980
2493,90,1.936
2493,90,1.867
2493,90,1.888
2493,90,1.897
2493,90,1.949
2494,90,2.015
2494,90,1.906
2504,90,1.993
2504,90,1.936
2505,90,1.949
2505,90,1.923
2505,90,1.945
2505,90,2.036
2505,90,1.971
2505,90,1.945
2506,90,1.910
2516,90,1.910
2516,90,1.897
2516,90,1.906
2516,90,1.932
2517,90,1.932
2517,90,1.901
2517,90,1.971
2517,90,1.914
2517,90,1.936
2528,90,1.949
2528,90,1.962
2528,90,2.063
2528,90,1.928
2528,90,2.015
2529,90,1.954
2529,90,1.989
2529,90,1.893
2529,90,1.906
2539,90,1.962
2540,90,1.962
2540,90,1.928
2540,90,1.989
2540,90,1.941
2540,90,2.028
2540,90,1.962
2541,90,1.945
2541,90,1.949
2551,90,1.884
2551,90,1.949
2551,90,1.897
2552,90,1.980
2552,90,1.936
2552,90,2.045
2552,90,1.945
2552,90,1.958
2552,90,1.989
2563,90,1.975
2563,90,1.945
2563,90,1.936
2563,90,1.993
2564,90,1.941
2564,90,1.875
2564,90,2.023
2564,90,1.932
2564,90,1.954
2575,90,2.010
2575,90,1.989
2575,90,2.041
2575,90,1.980
2575,90,1.914
2575,90,1.914
2576,90,1.932
2576,90,1.880
2576,90,1.954
2586,90,1.954
2586,90,1.932
2587,90,2.049
2587,90,1.984
2587,90,1.971
2587,90,1.897
2587,90,1.958
2587,90,1.949
2588,90,2.015
2598,90,2.023
2598,90,1.967
2598,90,1.997
2598,90,1.989
2599,90,1.901
2599,90,2.019
2599,90,2.023
2599,90,1.962
2599,90,1.923
2610,90,1.862
2610,90,2.010
2610,90,1.958
2610,90,1.962
2610,90,1.967
2611,90,1.980
2611,90,2.028
2611,90,1.932
2611,90,2.023
2621,90,1.183
2622,90,1.078
2622,90,1.074
2622,90,1.174
2622,90,1.126
2622,90,1.096
2622,90,1.187
2623,90,1.165
2623,90,1.157
2633,90,1.945
2633,90,2.023
2633,90,1.914
2634,90,1.914
2634,90,1.941
2634,90,1.997
2634,90,1.810
2634,90,1.936
2635,90,2.010
2645,90,1.971
2645,90,1.928
2645,90,1.941
2645,90,2.002
2646,90,2.015
2646,90,1.962
2646,90,1.941
2646,90,1.923
2646,90,1.880
2657,90,1.910
2657,90,1.941
2657,90,1.975
2657,90,2.023
2657,90,1.928
2657,90,1.901
2658,90,1.945
2658,90,1.958
2658,90,1.923
2668,90,1.949
2668,90,2.015
2669,90,1.997
2669,90,2.002
2669,90,1.871
2669,90,2.015
2669,90,1.958
2669,90,1.910
2670,90,1.962
2680,90,1.962
2680,90,1.949
2680,90,1.949
2681,90,1.936
2681,90,1.984
2681,90,1.884
2681,90,1.941
2681,90,1.967
2681,90,1.845
2692,90,1.923
2692,90,2.010
2692,90,1.945
2692,90,2.002
2692,90,2.015
2693,90,1.932
2693,90,1.901
2693,90,1.975
2693,90,1.941
2703,90,1.958
2704,90,1.989
2704,90,1.932
2704,90,1.932
2704,90,1.962
2704,90,1.954
2704,90,1.880
2705,90,1.949
2705,90,1.967
2715,90,1.884
2715,90,2.002
2715,90,1.914
2716,90,1.888
2716,90,1.984
2716,90,1.888
2716,90,1.932
2716,90,2.049
2717,90,1.962
2727,90,2.032
2727,90,1.945
2727,90,1.958
2727,90,1.967
2728,90,1.853
2728,90,1.928
2728,90,1.962
2728,90,2.036
2728,90,1.980
2739,90,1.945
2739,90,1.945
2739,90,1.910
2739,90,1.941
2739,90,1.975
2739,90,1.897
2740,90,1.989
2740,90,2.002
2740,90,1.932
2750,90,1.962
2750,90,1.997
2751,90,1.928
2751,90,1.910
2751,90,1.975
2751,90,1.928
2751,90,1.962
2752,90,1.875
2752,90,1.997
2762,90,1.980
2762,90,1.967
2762,90,2.015
2763,90,1.949
2763,90,1.941
2763,90,1.936
2763,90,2.019
2763,90,2.010
2763,90,1.967
2774,90,1.928
2774,90,2.041
2774,90,1.975
2774,90,1.932
2774,90,1.958
2775,90,1.893
2775,90,1.858
2775,90,1.884
2775,90,1.958
2785,90,1.923
2786,90,1.997
2786,90,2.028
2786,90,1.975
2786,90,1.910
2786,90,1.962
2786,90,2.028
2787,90,1.962
2787,90,1.923
2797,90,1.980
2797,90,2.036
2798,90,1.923
2798,90,1.893
2798,90,1.906
2798,90,1.967
2798,90,2.006
2798,90,1.958
2799,90,1.945
2809,90,2.028
2809,90,1.949
2809,90,2.010
2809,90,1.997
2810,90,1.980
2810,90,1.941
2810,90,1.949
2810,90,1.984
2810,90,1.967
2821,90,1.923
2821,90,1.971
2821,90,1.945
2821,90,2.054
2821,90,1.980
2821,90,1.928
2822,90,2.032
2822,90,1.949
2822,90,1.906
2832,90,1.914
2833,90,1.893
2833,90,1.967
2833,90,1.901
2833,90,1.949
2833,90,1.914
2833,90,1.945
2834,90,1.932
2834,90,1.989
2844,90,1.923
2844,90,1.901
2844,90,1.936
2845,90,1.928
2845,90,1.901
2845,90,1.975
2845,90,1.893
2845,90,1.967
2845,90,1.997
2856,90,1.975
2856,90,1.949
2856,90,1.893
2856,90,1.945
2856,90,1.923
2857,90,1.936
2857,90,1.949
2857,90,2.002
2857,90,1.910
2867,90,1.993
2868,90,1.941
2868,90,1.984
2868,90,1.914
2868,90,1.901
2868,90,1.932
2869,90,1.975
2869,90,2.054
2869,90,1.923
2879,90,1.984
2879,90,1.949
2880,90,1.962
2880,90,1.993
2880,90,1.901
2880,90,2.002
2880,90,2.041
2880,90,1.936
2881,90,2.032
2891,90,1.888
2891,90,1.910
2891,90,1.928
2891,90,1.893
2892,90,1.993
2892,90,1.971
2892,90,1.919
2892,90,2.028
2892,90,2.019
2903,90,2.019
2903,90,1.954
2903,90,2.002
2903,90,1.980
2903,90,1.980
2903,90,1.910
2904,90,2.019
2904,90,1.967
2904,90,1.936
2914,90,1.923
2915,90,1.910
2915,90,1.928
2915,90,1.897
2915,90,1.993
2915,90,2.015
2915,90,2.010
2916,90,1.936
2916,90,1.910
2926,90,2.019
2926,90,1.967
2926,90,1.958
2927,90,1.971
2927,90,1.932
2927,90,1.941
2927,90,1.949
2927,90,2.015
2927,90,1.962
2938,90,1.975
2938,90,1.980
2938,90,1.928
2938,90,2.045
2938,90,1.910
2939,90,1.962
2939,90,2.041
2939,90,1.997
2939,90,1.897
2950,90,1.910
2950,90,1.923
2950,90,1.932
2950,90,1.884
2950,90,1.884
2950,90,1.971
2951,90,1.914
2951,90,2.006
2951,90,1.967
2961,90,1.984
2961,90,1.962
2962,90,1.967
2962,90,1.880
2962,90,1.928
2962,90,1.928
2962,90,1.945
2962,90,1.941
2963,90,1.888
2973,90,1.893
2973,90,1.949
2973,90,1.993
2973,90,1.962
2974,90,1.923
2974,90,1.897
2974,90,2.002
2974,90,1.901
2974,90,2.015
2985,90,1.945
2985,90,1.949
2985,90,2.019
2985,90,1.949
2985,90,2.002
2986,90,1.967
2986,90,1.945
2986,90,1.941
2986,90,1.936
2996,90,1.945
2997,90,1.923
2997,90,1.806
2997,90,1.871
2997,90,1.945
2997,90,1.923
2997,90,1.923
2998,90,1.993
2998,90,1.967
3008,90,1.941
3008,90,1.897
3008,90,1.980
3009,90,1.884
3009,90,1.932
3009,90,1.897
3009,90,1.949
3009,90,1.989
3009,90,1.971
3020,90,1.941
3020,90,1.980
3020,90,1.967
3020,90,1.888
3021,90,2.045
3021,90,1.962
3021,90,1.884
3021,90,1.910
3021,90,1.928
3032,90,1.148
3032,90,1.139
3032,90,1.823
3032,90,1.975
3032,90,1.862
3033,90,1.919
3033,90,1.901
3033,90,1.928
3033,90,1.862
3043,90,1.984
3044,90,1.910
3044,90,1.949
3044,90,1.997
3044,90,2.006
3044,90,1.893
3044,90,2.019
3045,90,1.884
3045,90,1.980
3055,90,1.997
3055,90,1.997
3055,90,1.871
3056,90,1.880
3056,90,2.028
3056,90,2.071
3056,90,1.923
3056,90,1.941
3056,90,1.928
3067,90,2.023
3067,90,1.923
3067,90,1.858
3067,90,1.880
3068,90,1.962
3068,90,1.980
3068,90,1.958
3068,90,1.967
3068,90,1.941
3079,90,1.958
3079,90,1.962
3079,90,1.975
3079,90,1.858
3079,90,2.002
3079,90,1.906
3080,90,1.914
3080,90,2.019
3080,90,2.010
3090,90,1.945
3090,90,2.006
3091,90,1.888
3091,90,1.997
3091,90,1.975
3091,90,1.975
3091,90,1.923
3091,90,2.015
3092,90,1.936
3102,90,2.089
3102,90,1.932
3102,90,1.936
3102,90,1.936
3103,90,2.023
3103,90,1.967
3103,90,1.875
3103,90,1.941
3103,90,1.984
3114,90,1.984
3114,90,1.910
3114,90,2.002
3114,90,1.880
3114,90,1.936
3115,90,1.928
3115,90,2.015
3115,90,1.958
3115,90,1.962
3125,90,1.945
3126,90,1.971
3126,90,1.910
3126,90,2.015
3126,90,1.941
3126,90,1.962
3127,90,1.910
3127,90,1.914
3127,90,1.975
3137,90,1.958
3137,90,1.962
3138,90,2.058
3138,90,2.002
3138,90,2.032
3138,90,1.980
3138,90,1.932
3138,90,1.910
3139,90,1.993
3149,90,2.041
3149,90,1.897
3149,90,2.049
3149,90,2.054
3150,90,1.997
3150,90,2.023
3150,90,1.975
3150,90,2.028
3150,90,1.975
3161,90,1.897
3161,90,2.019
3161,90,1.941
3161,90,1.949
3161,90,1.980
3162,90,1.962
3162,90,2.006
3162,90,1.958
3162,90,1.997
3172,90,1.989
3173,90,1.888
3173,90,1.975
3173,90,1.949
3173,90,1.980
3173,90,1.923
3173,90,1.962
3174,90,1.984
3174,90,2.010
3184,90,2.049
3184,90,1.884
3184,90,1.932
3185,90,2.028
3185,90,1.893
3185,90,2.019
3185,90,1.980
3185,90,1.941
3185,90,1.932
3196,90,2.015
3196,90,1.997
3196,90,2.049
3196,90,2.067
3196,90,1.949
3197,90,1.936
3197,90,2.023
3197,90,1.897
3197,90,1.914
3208,90,2.015
3208,90,1.906
3208,90,1.958
3208,90,2.019
3208,90,1.962
3208,90,1.962
3209,90,2.006
3209,90,1.997
3209,90,1.871
3219,90,1.858
3219,90,1.958
3220,90,1.919
3220,90,1.984
3220,90,1.928
3220,90,1.932
3220,90,1.914
3220,90,1.989
3221,90,1.984
3231,90,2.019
3231,90,1.875
3231,90,1.932
3231,90,1.910
3232,90,1.989
3232,90,1.910
3232,90,1.993
3232,90,1.967
3232,90,1.954
3243,90,1.932
3243,90,2.015
3243,90,1.914
3243,90,1.884
3243,90,1.945
3244,90,1.958
3244,90,1.910
3244,90,1.914
3244,90,1.910
3254,90,1.910
3255,90,2.023
3255,90,1.906
3255,90,1.967
3255,90,1.958
3255,90,1.967
3255,90,1.989
3256,90,1.893
3256,90,1.989
3266,90,1.967
3266,90,1.914
3266,90,1.958
3267,90,1.888
3267,90,1.941
3267,90,1.941
3267,90,1.993
3267,90,1.980
3267,90,1.875
3278,90,2.010
3278,90,2.032
3278,90,1.941
3278,90,1.941
3279,90,1.958
3279,90,1.923
3279,90,1.993
3279,90,1.945
3279,90,1.962
3290,90,1.941
3290,90,1.967
3290,90,1.962
3290,90,1.875
3290,90,1.967
3290,90,2.049
3291,90,1.945
3291,90,1.888
3291,90,1.897
3301,90,1.958
3301,90,1.967
3302,90,1.880
3302,90,2.028
3302,90,1.936
3302,90,1.941
3302,90,1.975
3302,90,2.002
3303,90,1.967
3313,90,1.962
3313,90,1.923
3313,90,1.928
3313,90,1.880
3314,90,1.989
3314,90,1.923
3314,90,1.910
3314,90,1.945
3314,90,1.923
3325,90,2.023
3325,90,1.923
3325,90,1.962
3325,90,1.936
3325,90,1.993
3326,90,1.993
3326,90,1.971
3326,90,1.971
3326,90,1.840
3336,90,1.993
3337,90,1.932
3337,90,1.945
3337,90,1.997
3337,90,1.187
3337,90,1.196
3338,90,1.165
3338,90,1.117
3338,90,1.183
3348,90,2.036
3348,90,2.006
3349,90,1.923
3349,90,2.010
3349,90,1.980
3349,90,1.893
3349,90,1.980
3349,90,1.910
3350,90,1.971
3360,90,1.997
3360,90,1.984
3360,90,1.888
3361,90,1.928
3361,90,1.971
3361,90,1.901
3361,90,1.932
3361,90,1.975
3361,90,1.971
3372,90,2.002
3372,90,2.028
3372,90,1.954
3372,90,1.967
3372,90,1.958
3373,90,2.019
3373,90,2.002
3373,90,1.958
3373,90,1.945
3383,90,1.945
3384,90,2.006
3384,90,1.967
3384,90,1.880
3384,90,1.923
3384,90,1.941
3384,90,1.932
3385,90,2.054
3385,90,1.962
3395,90,1.958
3395,90,1.897
3395,90,1.971
3396,90,1.906
3396,90,1.897
3396,90,1.958
3396,90,2.019
3396,90,1.928
3397,90,1.989
3407,90,2.032
3407,90,2.028
3407,90,2.002
3407,90,1.980
3408,90,1.980
3408,90,1.853
3408,90,1.884
3408,90,1.888
3408,90,1.945
3419,90,1.962
3419,90,2.028
3419,90,1.941
3419,90,1.997
3419,90,1.914
3419,90,2.006
3420,90,1.901
3420,90,1.962
3420,90,1.910
3430,90,1.971
3430,90,1.980
3431,90,1.980
3431,90,2.010
3431,90,1.984
3431,90,2.010
3431,90,1.867
3431,90,1.941
3432,90,1.975
3442,90,1.949
3442,90,2.002
3442,90,1.954
3443,90,1.932
3443,90,1.941
3443,90,1.923
3443,90,1.936
3443,90,1.958
3443,90,1.932
3454,90,1.906
3454,90,1.993
3454,90,1.910
3454,90,1.893
3454,90,1.936
3455,90,1.941
3455,90,1.888
3455,90,1.962
3455,90,1.980
3465,90,1.897
3466,90,2.028
3466,90,1.984
3466,90,1.932
3466,90,1.962
3466,90,1.928
3466,90,1.958
3467,90,1.962
3467,90,1.989
3477,90,1.993
3477,90,1.949
3478,90,1.975
3478,90,2.049
3478,90,1.928
3478,90,1.954
3478,90,1.928
3478,90,1.901
3479,90,1.980
3489,90,1.971
3489,90,1.936
3489,90,1.997
3489,90,1.989
3490,90,1.984
3490,90,1.984
3490,90,1.945
3490,90,1.871
3490,90,1.989
3501,90,1.884
3501,90,1.949
3501,90,1.928
3501,90,2.015
3501,90,1.975
3501,90,2.045
3502,90,1.980
3502,90,1.967
3502,90,1.975
3512,90,1.871
3512,90,1.936
3513,90,1.980
3513,90,1.989
3513,90,1.980
3513,90,1.949
3513,90,1.893
3514,90,1.928
3514,90,1.906
3524,90,1.945
3524,90,1.893
3524,90,1.910
3525,90,2.010
3525,90,1.893
3525,90,1.984
3525,90,1.984
3525,90,1.862
3525,90,1.880
3536,90,1.928
3536,90,1.914
3536,90,1.893
3536,90,1.932
3536,90,1.893
3537,90,1.993
3537,90,1.901
3537,90,1.941
3537,90,2.028
3547,90,1.967
3548,90,2.028
3548,90,1.901
3548,90,1.984
3548,90,1.932
3548,90,2.010
3549,90,1.980
3549,90,1.949
3549,90,1.932
3559,90,1.967
3559,90,1.936
3560,90,1.993
3560,90,1.941
3560,90,1.910
3560,90,1.923
3560,90,1.980
3560,90,1.884
3561,90,1.923
3571,90,2.023
3571,90,1.914
3571,90,1.932
3571,90,1.945
3572,90,1.967
3572,90,1.980
3572,90,1.949
3572,90,1.928
3572,90,1.945
3583,90,1.989
3583,90,1.871
3583,90,2.002
3583,90,1.997
3583,90,1.989
3583,90,2.015
3584,90,1.941
3584,90,1.958
3584,90,2.019
3594,90,2.036
3595,90,1.888
3595,90,1.862
3595,90,1.941
3595,90,1.993
3595,90,1.967
3595,90,1.906
3596,90,1.936
3596,90,1.984
3606,90,1.949
3606,90,1.962
3606,90,1.897
3607,90,1.910
3607,90,1.984
3607,90,1.936
3607,90,1.949
3607,90,1.958
3607,90,1.910
3618,90,1.980
3618,90,1.980
3618,90,1.893
3618,90,1.941
3618,90,1.871
3619,90,1.880
3619,90,1.997
3619,90,2.028
3619,90,1.989
3629,90,1.914
3630,90,1.971
3630,90,1.919
3630,90,1.954
3630,90,1.875
3630,90,1.884
3631,90,1.993
3631,90,1.897
3631,90,1.914
3641,90,1.941
3641,90,1.984
3642,90,1.936
3642,90,1.993
3642,90,1.949
3642,90,1.910
3642,90,2.023
3642,90,1.971
3643,90,2.063
3653,90,1.962
3653,90,1.941
3653,90,1.836
3653,90,1.897
3654,90,1.949
3654,90,1.923
3654,90,2.076
3654,90,1.980
3654,90,1.923
3665,90,2.045
3665,90,1.984
3665,90,1.975
3665,90,1.797
3665,90,1.967
3666,90,1.967
3666,90,1.914
3666,90,1.954
3666,90,1.945
3676,90,1.962
3677,90,1.936
3677,90,1.936
3677,90,2.019
3677,90,1.880
3677,90,1.932
3677,90,1.984
3678,90,1.928
3678,90,1.958
3688,90,1.945
3688,90,1.945
3688,90,1.975
3689,90,1.980
3689,90,2.006
3689,90,1.928
3689,90,1.997
3689,90,1.906
3689,90,1.993
3700,90,2.019
3700,90,1.945
3700,90,1.984
3700,90,2.002
3700,90,1.932
3701,90,1.945
3701,90,1.993
3701,90,1.962
3701,90,1.971
3712,90,1.975
3712,90,1.949
3712,90,1.884
3712,90,1.906
3712,90,1.967
3712,90,1.980
3713,90,1.989
3713,90,1.949
3713,90,1.936
3723,90,1.888
3723,90,1.901
3724,90,1.928
3724,90,1.919
3724,90,1.928
3724,90,1.997
3724,90,1.897
3724,90,1.967
3725,90,1.989
3735,90,1.971
3735,90,1.945
3735,90,1.945
3735,90,1.993
3736,90,1.880
3736,90,1.975
3736,90,2.054
3736,90,1.945
3736,90,1.928
3747,90,1.989
3747,90,1.335
3747,90,1.183
3747,90,1.196
3747,90,1.074
3748,90,1.130
3748,90,1.204
3748,90,1.270
3748,90,1.196
3759,90,1.997
3759,90,2.032
3759,90,1.993
3759,90,1.984
3759,90,1.975
3759,90,1.941
3760,90,1.997
3760,90,1.949
3760,90,1.980
3770,90,1.901
3770,90,1.958
3771,90,2.028
3771,90,1.941
3771,90,1.901
3771,90,1.958
3771,90,2.006
3771,90,1.893
3772,90,1.941
3782,90,1.919
3782,90,2.019
3782,90,1.980
3782,90,1.962
3783,90,2.010
3783,90,1.962
3783,90,2.002
3783,90,1.971
3783,90,2.023
3794,90,1.975
3794,90,1.945
3794,90,1.997
3794,90,1.849
3794,90,1.928
3795,90,1.919
3795,90,1.910
3795,90,1.967
3795,90,1.910
3805,90,1.997
3806,90,2.028
3806,90,1.941
3806,90,1.967
3806,90,2.002
3806,90,1.906
3806,90,1.975
3807,90,1.980
3807,90,1.989
3817,90,2.032
3817,90,1.984
3817,90,1.893
3818,90,1.945
3818,90,1.954
3818,90,1.862
3818,90,1.997
3818,90,1.967
3819,90,1.928
3829,90,1.932
3829,90,1.993
3829,90,1.941
3829,90,1.884
3830,90,1.993
3830,90,1.980
3830,90,1.971
3830,90,1.914
3830,90,1.923
3841,90,1.975
3841,90,1.932
3841,90,1.893
3841,90,1.945
3841,90,1.919
3841,90,1.945
3842,90,1.984
3842,90,1.945
3842,90,1.932
3852,90,1.962
3852,90,2.010
3853,90,1.914
3853,90,1.832
3853,90,1.997
3853,90,1.936
3853,90,1.997
3853,90,2.015
3854,90,1.906
3864,90,1.958
3864,90,1.919
3864,90,1.980
3865,90,1.980
3865,90,1.910
3865,90,1.923
3865,90,1.932
3865,90,2.049
3865,90,1.971
3876,90,1.984
3876,90,2.010
3876,90,1.997
3876,90,1.893
3876,90,2.023
3877,90,1.967
3877,90,1.962
3877,90,1.967
3877,90,1.906
3887,90,1.975
3888,90,1.845
3888,90,2.063
3888,90,2.002
3888,90,1.962
3888,90,1.975
3888,90,1.962
3889,90,1.989
3889,90,1.928
3899,90,1.928
3899,90,1.997
3900,90,1.880
3900,90,1.928
3900,90,1.989
3900,90,1.980
3900,90,1.993
3900,90,1.971
3901,90,1.888
3911,90,1.906
3911,90,1.923
3911,90,1.941
3911,90,1.936
3912,90,1.910
3912,90,1.997
3912,90,1.928
3912,90,1.962
3912,90,1.923
3923,90,1.910
3923,90,1.975
3923,90,1.958
3923,90,2.006
3923,90,1.897
3923,90,1.919
3924,90,1.928
3924,90,1.941
3924,90,1.958
3934,90,1.923
3934,90,1.980
3935,90,1.914
3935,90,1.919
3935,90,2.041
3935,90,1.980
3935,90,1.997
3936,90,1.901
3936,90,1.971
3946,90,1.910
3946,90,1.806
3946,90,1.901
3947,90,1.962
3947,90,2.089
3947,90,1.975
3947,90,1.949
3947,90,1.971
3947,90,1.893
3958,90,1.971
3958,90,1.967
3958,90,1.941
3958,90,1.949
3958,90,1.975
3959,90,1.875
3959,90,2.006
3959,90,2.028
3959,90,1.914
3969,90,2.019
3970,90,1.945
3970,90,1.880
3970,90,1.984
3970,90,1.989
3970,90,1.875
3970,90,1.884
3971,90,1.893
3971,90,1.984
3981,90,2.006
3981,90,1.993
3982,90,1.980
3982,90,1.949
3982,90,1.932
3982,90,1.997
3982,90,1.928
3982,90,1.919
3983,90,1.875
3993,90,1.936
3993,90,2.015
3993,90,1.906
3993,90,1.945
3994,90,1.936
3994,90,1.989
3994,90,1.945
3994,90,2.019
3994,90,1.862
4005,90,1.910
4005,90,1.954
4005,90,1.997
4005,90,1.923
4005,90,1.932
4005,90,1.975
4006,90,1.897
4006,90,1.993
4006,90,1.945
4016,90,2.015
4017,90,2.023
4017,90,1.980
4017,90,1.989
4017,90,1.893
4017,90,1.945
4017,90,1.884
4018,90,1.958
4018,90,1.975
4028,90,1.980
4028,90,1.893
4028,90,2.015
4029,90,1.954
4029,90,1.910
4029,90,1.980
4029,90,1.949
4029,90,1.936
4029,90,1.949
4040,90,1.936
4040,90,1.980
4040,90,1.971
4040,90,1.893
4040,90,1.906
4041,90,1.962
4041,90,1.980
4041,90,1.954
4041,90,1.997
4051,90,1.875
4052,90,1.932
4052,90,2.019
4052,90,2.063
4052,90,1.893
4052,90,2.015
4053,90,1.967
4053,90,1.954
4053,90,2.049
4063,90,1.954
4063,90,1.923
4064,90,1.967
4064,90,1.928
4064,90,1.980
4064,90,1.962
4064,90,1.919
4064,90,1.910
4065,90,1.993
4075,90,1.967
4075,90,2.006
4075,90,1.884
4075,90,2.045
4076,90,1.984
4076,90,1.989
4076,90,2.006
4076,90,1.989
4076,90,1.893
4087,90,1.919
4087,90,1.932
4087,90,2.023
4087,90,1.932
4087,90,1.945
4088,90,1.906
4088,90,1.989
4088,90,1.989
4088,90,1.910
4098,90,1.989
4099,90,1.962
4099,90,1.949
4099,90,1.941
4099,90,1.875
4099,90,1.893
4099,90,1.949
4100,90,2.071
4100,90,1.958
4110,90,1.936
4110,90,1.984
4110,90,2.015
4111,90,1.906
4111,90,1.867
4111,90,1.980
4111,90,1.980
4111,90,1.936
4111,90,1.975
4122,90,1.989
4122,90,1.997
4122,90,1.949
4122,90,1.975
4122,90,1.893
4123,90,1.928
4123,90,1.993
4123,90,1.919
4123,90,1.945
4134,90,1.914
4134,90,1.967
4134,90,2.010
4134,90,1.984
4134,90,1.858
4134,90,1.997
4135,90,2.006
4135,90,2.006
4135,90,2.041
4145,90,1.993
4145,90,1.984
4146,90,1.906
4146,90,1.958
4146,90,1.936
4146,90,1.910
4146,90,1.975
4146,90,1.975
4147,90,1.880
4157,90,1.074
4157,90,1.218
4157,90,1.235
4157,90,1.148
4158,90,1.187
4158,90,1.152
4158,90,1.218
4158,90,1.082
4158,90,1.196
4169,90,1.989
4169,90,1.936
4169,90,1.910
4169,90,2.006
4169,90,2.028
4170,90,1.858
4170,90,1.901
4170,90,2.045
4170,90,1.875
4180,90,1.993
4181,90,1.945
4181,90,2.006
4181,90,1.910
4181,90,1.993
4181,90,1.949
4181,90,1.945
4182,90,1.962
4182,90,1.923
4192,90,1.958
4192,90,1.919
4192,90,1.923
4193,90,1.945
4193,90,1.997
4193,90,1.910
4193,90,1.975
4193,90,1.954
4193,90,1.923
4204,90,1.901
4204,90,1.888
4204,90,1.901
4204,90,1.923
4205,90,1.936
4205,90,1.967
4205,90,1.888
4205,90,1.910
4205,90,1.910
4216,90,1.971
4216,90,1.949
4216,90,2.023
4216,90,1.897
4216,90,1.888
4216,90,1.919
4217,90,1.980
4217,90,1.919
4217,90,1.906
4227,90,1.923
4227,90,1.989
4228,90,1.975
4228,90,1.949
4228,90,1.945
4228,90,1.967
4228,90,1.919
4228,90,1.989
4229,90,2.023
4239,90,1.897
4239,90,1.936
4239,90,1.945
4239,90,1.962
4240,90,1.958
4240,90,1.941
4240,90,1.954
4240,90,2.006
4240,90,1.928
4251,90,1.923
4251,90,1.901
4251,90,1.975
4251,90,1.893
4251,90,2.002
4252,90,1.875
4252,90,2.019
4252,90,1.941
4252,90,2.006
4262,90,1.971
4263,90,2.006
4263,90,1.971
4263,90,1.928
4263,90,1.997
4263,90,1.888
4263,90,1.888
4264,90,1.967
4264,90,1.862
4274,90,1.993
4274,90,1.923
4274,90,2.006
4275,90,1.967
4275,90,1.936
4275,90,1.989
4275,90,1.989
4275,90,1.997
4275,90,1.967
4286,90,2.032
4286,90,1.914
4286,90,1.914
4286,90,1.989
4287,90,1.962
4287,90,1.975
4287,90,1.984
4287,90,2.002
4287,90,1.897
4298,90,1.941
4298,90,1.962
4298,90,1.884
4298,90,1.923
4298,90,1.888
4298,90,2.058
4299,90,1.945
4299,90,1.941
4299,90,1.984
4309,90,2.036
4309,90,1.980
4310,90,1.989
4310,90,1.949
4310,90,1.958
4310,90,1.884
4310,90,1.949
4310,90,1.901
4311,90,1.967
4321,90,1.923
4321,90,1.971
4321,90,1.962
4322,90,1.958
4322,90,2.054
4322,90,1.888
4322,90,2.028
4322,90,1.936
4322,90,1.971
4333,90,1.932
4333,90,1.945
4333,90,1.897
4333,90,1.989
4333,90,1.980
4334,90,1.949
4334,90,2.028
4334,90,2.023
4334,90,1.932
4344,90,1.884
4345,90,1.884
4345,90,1.997
4345,90,1.884
4345,90,2.002
4345,90,1.975
4345,90,1.875
4346,90,1.967
4346,90,1.967
4356,90,1.962
4356,90,1.997
4356,90,1.897
4357,90,1.923
4357,90,1.906
4357,90,1.936
4357,90,1.984
4357,90,1.928
4358,90,1.910
4368,90,1.936
4368,90,1.967
4368,90,1.945
4368,90,1.958
4369,90,2.006
4369,90,1.888
4369,90,1.997
4369,90,2.010
4369,90,1.941
4380,90,1.997
4380,90,1.914
4380,90,1.958
4380,90,1.928
4380,90,1.993
4380,90,1.984
4381,90,2.010
4381,90,2.010
4381,90,2.054
4391,90,1.997
4391,90,2.010
4392,90,1.949
4392,90,1.910
4392,90,1.936
4392,90,1.993
4392,90,1.980
4392,90,2.041
4393,90,1.967
4403,90,1.958
4403,90,1.893
4403,90,1.989
4404,90,1.910
4404,90,1.919
4404,90,1.936
4404,90,1.945
4404,90,1.941
4404,90,2.045
4415,90,1.989
4415,90,1.949
4415,90,1.984
4415,90,1.906
4415,90,2.023
4416,90,1.875
4416,90,1.997
4416,90,1.949
4416,90,1.893
4426,90,1.862
4427,90,1.997
4427,90,2.002
4427,90,1.928
4427,90,2.006
4427,90,2.002
4427,90,1.962
4428,90,1.954
4428,90,1.993
4438,90,1.914
4438,90,1.949
4439,90,1.971
4439,90,1.984
4439,90,1.932
4439,90,1.954
4439,90,1.997
4439,90,1.954
4440,90,2.049
4450,90,2.049
4450,90,1.984
4450,90,1.967
4450,90,1.980
4451,90,1.914
4451,90,1.993
4451,90,1.862
4451,90,1.875
4451,90,1.941
4462,90,1.958
4462,90,1.984
4462,90,1.941
4462,90,2.036
4462,90,1.884
4462,90,1.906
4463,90,1.914
4463,90,1.880
4463,90,2.002
4473,90,1.975
4474,90,1.941
4474,90,1.941
4474,90,2.045
4474,90,2.019
4474,90,1.932
4474,90,1.971
4475,90,2.071
4475,90,1.897
4485,90,1.967
4485,90,1.962
4485,90,1.871
4486,90,1.928
4486,90,2.019
4486,90,1.980
4486,90,1.932
4486,90,1.967
4486,90,2.006
4497,90,1.945
4497,90,1.919
4497,90,1.980
4497,90,1.906
4497,90,1.989
4498,90,1.975
4498,90,1.862
4498,90,1.910
4498,90,1.993
4508,90,2.045
4509,90,1.941
4509,90,1.971
4509,90,1.980
4509,90,1.919
4509,90,1.984
4510,90,1.914
4510,90,1.910
4510,90,1.962
4520,90,1.980
4520,90,1.906
4521,90,2.002
4521,90,1.984
4521,90,1.923
4521,90,1.975
4521,90,1.989
4521,90,1.906
4522,90,1.932
4532,90,1.980
4532,90,1.875
4532,90,1.967
4532,90,2.032
4533,90,2.006
4533,90,1.941
4533,90,1.941
4533,90,1.923
4533,90,2.010
4544,90,1.901
4544,90,1.984
4544,90,1.984
4544,90,1.936
4544,90,2.006
4544,90,2.028
4545,90,1.928
4545,90,1.923
4545,90,2.032
4555,90,2.002
4556,90,1.989
4556,90,1.997
4556,90,1.923
4556,90,1.893
4556,90,1.919
4556,90,1.993
4557,90,1.958
4557,90,2.015
4567,90,1.052
4567,90,1.178
4567,90,1.209
4568,90,1.143
4568,90,1.143
4568,90,1.152
4568,90,1.135
4568,90,1.165
4568,90,1.161
4569,90,1.923
4579,90,2.002
4579,90,2.049
4579,90,1.875
4580,90,2.010
4580,90,1.914
4580,90,1.880
4580,90,1.958
4580,90,2.015
4580,90,1.958
4591,90,1.993
4591,90,2.058
4591,90,1.958
4591,90,2.019
4591,90,1.967
4592,90,1.858
4592,90,1.962
4592,90,1.949
4592,90,1.962
4603,90,2.002
4603,90,1.949
4603,90,2.041
4603,90,1.989
4603,90,1.906
4603,90,1.954
4604,90,1.901
4604,90,1.975
4604,90,1.932
4614,90,1.997
4614,90,1.914
4615,90,2.006
4615,90,1.928
4615,90,1.914
4615,90,2.023
4615,90,1.971
4615,90,1.975
4616,90,1.975
4626,90,1.936
4626,90,1.914
4626,90,2.028
4626,90,1.989
4627,90,1.867
4627,90,1.932
4627,90,2.019
4627,90,1.962
4627,90,1.958
4638,90,1.997
4638,90,1.967
4638,90,1.936
4638,90,1.949
4638,90,2.002
4639,90,1.893
4639,90,1.971
4639,90,1.897
4639,90,1.875
4649,90,1.949
4650,90,1.880
4650,90,1.932
4650,90,1.989
4650,90,1.954
4650,90,1.997
4650,90,2.010
4651,90,1.949
4651,90,1.888
4661,90,1.967
4661,90,1.980
4661,90,1.906
4662,90,1.901
4662,90,1.993
4662,90,1.989
4662,90,2.063
4662,90,2.015
4662,90,1.980
4673,90,1.945
4673,90,2.002
4673,90,1.993
4673,90,2.006
4673,90,2.036
4674,90,1.967
4674,90,1.945
4674,90,2.054
4674,90,1.962
4685,90,2.041
4685,90,1.932
4685,90,1.984
4685,90,2.045
4685,90,1.984
4685,90,1.989
4686,90,1.971
4686,90,1.971
4686,90,1.840
4696,90,1.832
4696,90,1.980
4697,90,1.928
4697,90,1.989
4697,90,2.006
4697,90,2.036
4697,90,1.923
4697,90,1.875
4698,90,1.906
4708,90,1.871
4708,90,1.945
4708,90,1.884
4708,90,1.893
4709,90,1.910
4709,90,2.032
4709,90,2.023
4709,90,2.019
4709,90,1.914
4720,90,2.045
4720,90,1.901
4720,90,1.958
4720,90,1.989
4720,90,1.932
4721,90,1.980
4721,90,1.875
4721,90,1.919
4721,90,1.962
4731,90,1.897
4732,90,1.962
4732,90,1.997
4732,90,2.010
4732,90,2.002
4732,90,1.906
4732,90,2.036
4733,90,1.884
4733,90,1.997
4743,90,1.958
4743,90,1.993
4743,90,1.989
4744,90,1.958
4744,90,1.984
4744,90,2.006
4744,90,1.928
4744,90,1.941
4744,90,2.028
4755,90,1.910
4755,90,1.936
4755,90,2.045
4755,90,1.971
4756,90,1.949
4756,90,1.971
4756,90,2.010
4756,90,1.993
4756,90,1.971
4767,90,1.997
4767,90,1.949
4767,90,1.967
4767,90,2.002
4767,90,2.028
4767,90,1.871
4768,90,1.984
4768,90,1.910
4768,90,1.993
4778,90,1.893
4778,90,1.941
4779,90,1.928
4779,90,1.914
4779,90,1.997
4779,90,1.993
4779,90,1.945
4779,90,1.923
4780,90,1.923
4790,90,1.967
4790,90,1.967
4790,90,1.923
4790,90,1.910
4791,90,1.941
4791,90,2.010
4791,90,1.962
4791,90,2.041
4791,90,2.010
4802,90,1.984
4802,90,1.975
4802,90,1.971
4802,90,1.914
4802,90,1.888
4803,90,2.010
4803,90,1.919
4803,90,1.949
4803,90,1.941
4813,90,1.984
4814,90,1.910
4814,90,1.997
4814,90,1.962
4814,90,1.845
4814,90,2.041
4814,90,1.893
4815,90,1.928
4815,90,2.054
4825,90,1.980
4825,90,1.971
4825,90,1.958
4826,90,1.932
4826,90,1.901
4826,90,2.032
4826,90,1.941
4826,90,1.923
4826,90,2.010
4837,90,1.941
4837,90,1.867
4837,90,1.910
4837,90,1.936
4838,90,1.923
4838,90,2.032
4838,90,1.914
4838,90,2.019
4838,90,1.980
4849,90,2.010
4849,90,1.888
4849,90,1.989
4849,90,1.967
4849,90,1.932
4849,90,1.941
4850,90,1.867
4850,90,1.958
4850,90,2.010
4860,90,2.006
4860,90,1.919
4861,90,1.993
4861,90,2.049
4861,90,1.949
4861,90,1.949
4861,90,1.962
4861,90,1.871
4862,90,1.993
4872,90,1.897
4872,90,2.006
4872,90,1.962
4873,90,1.941
4873,90,1.980
4873,90,2.032
4873,90,1.945
4873,90,1.901
4873,90,1.932
4884,90,2.041
4884,90,1.997
4884,90,1.989
4884,90,1.880
4884,90,1.984
4885,90,1.967
4885,90,1.914
4885,90,1.962
4885,90,1.997
4895,90,2.054
4896,90,1.971
4896,90,2.019
4896,90,1.932
4896,90,1.949
4896,90,1.923
4896,90,1.997
4897,90,1.949
4897,90,1.910
4907,90,1.962
4907,90,2.010
4907,90,2.002
4908,90,1.949
4908,90,1.984
4908,90,1.993
4908,90,1.910
4908,90,1.975
4909,90,1.962
4919,90,2.049
4919,90,1.971
4919,90,1.941
4919,90,2.006
4920,90,1.901
4920,90,2.067
4920,90,1.928
4920,90,1.997
4920,90,1.901
4931,90,1.932
4931,90,1.967
4931,90,2.015
4931,90,1.897
4931,90,1.919
4931,90,1.945
4932,90,2.041
4932,90,1.971
4932,90,1.971
4942,90,1.984
4942,90,1.949
4943,90,2.002
4943,90,1.975
4943,90,1.997
4943,90,1.967
4943,90,1.919
4944,90,1.967
4944,90,1.980
4954,90,1.984
4954,90,1.971
4954,90,1.971
4955,90,1.962
4955,90,1.993
4955,90,1.954
4955,90,1.941
4955,90,1.893
4955,90,1.910
4966,90,1.941
4966,90,2.019
4966,90,1.949
4966,90,1.932
4966,90,1.932
4967,90,1.928
4967,90,1.901
4967,90,1.989
4967,90,1.945
4977,90,1.091
4978,90,1.135
4978,90,1.191
4978,90,1.753
4978,90,1.845
4978,90,1.923
4979,90,1.901
4979,90,1.945
4979,90,1.893
4989,90,1.971
4989,90,1.975
4990,90,1.923
4990,90,2.028
4990,90,1.949
4990,90,1.901
4990,90,2.002
4990,90,1.941
4991,90,1.967
5001,90,1.989
5001,90,2.015
5001,90,1.980
5001,90,1.919
5002,90,1.975
5002,90,1.941
5002,90,1.967
5002,90,2.023
5002,90,1.941
5013,90,2.006
5013,90,1.984
5013,90,2.015
5013,90,1.932
5013,90,1.897
5014,90,1.923
5014,90,1.949
5014,90,1.928
5014,90,1.858
5024,90,1.962
5025,90,1.932
5025,90,2.028
5025,90,1.936
5025,90,1.949
5025,90,1.945
5025,90,1.875
5026,90,1.941
5026,90,2.023
5036,90,1.980
5036,90,1.941
5036,90,1.932
5037,90,1.888
5037,90,2.015
5037,90,1.980
5037,90,1.993
5037,90,1.980
5037,90,1.980
5048,90,2.002
5048,90,1.941
5048,90,1.914
5048,90,1.932
5049,90,1.962
5049,90,1.993
5049,90,1.862
5049,90,1.967
5049,90,1.923
5060,90,1.928
5060,90,1.971
5060,90,1.941
5060,90,1.928
5060,90,1.984
5060,90,2.036
5061,90,1.958
5061,90,1.906
5061,90,1.906
5071,90,1.958
5071,90,2.015
5072,90,1.897
5072,90,1.967
5072,90,1.997
5072,90,1.875
5072,90,1.906
5072,90,1.997
5073,90,1.975
5083,90,1.962
5083,90,1.993
5083,90,1.962
5084,90,1.875
5084,90,1.932
5084,90,1.997
5084,90,1.975
5084,90,1.914
5084,90,2.015
5095,90,1.941
5095,90,1.980
5095,90,1.862
5095,90,1.928
5095,90,2.010
5096,90,1.949
5096,90,1.989
5096,90,1.932
5096,90,1.962
5107,90,1.971
5107,90,1.871
5107,90,1.975
5107,90,1.893
5107,90,1.967
5107,90,2.015
5108,90,1.932
5108,90,1.962
5108,90,1.989
5118,90,2.019
5118,90,2.002
5119,90,1.945
5119,90,2.032
5119,90,1.901
5119,90,1.954
5119,90,1.858
5119,90,1.993
5120,90,2.010
5130,90,1.980
5130,90,1.880
5130,90,1.997
5130,90,1.954
5131,90,2.002
5131,90,1.975
5131,90,1.932
5131,90,1.897
5131,90,2.023
5142,90,1.980
5142,90,1.980
5142,90,1.975
5142,90,1.989
5142,90,2.028
5143,90,1.923
5143,90,1.958
5143,90,1.897
5143,90,1.971
5153,90,2.023
5154,90,1.958
5154,90,1.967
5154,90,2.002
5154,90,1.975
5154,90,1.984
5154,90,2.006
5155,90,1.914
5155,90,2.006
5165,90,1.928
5165,90,1.941
5165,90,1.962
5166,90,2.058
5166,90,1.975
5166,90,1.858
5166,90,1.919
5166,90,1.958
5166,90,2.010
5177,90,1.936
5177,90,1.984
5177,90,1.958
5177,90,1.880
5178,90,2.028
5178,90,1.884
5178,90,1.897
5178,90,1.923
5178,90,1.901
5189,90,1.949
5189,90,1.997
5189,90,1.971
5189,90,1.945
5189,90,1.936
5189,90,1.858
5190,90,2.045
5190,90,1.901
5190,90,1.910
5200,90,2.049
5201,90,1.884
5201,90,2.023
5201,90,2.019
5201,90,1.914
5201,90,1.928
5201,90,2.006
5202,90,1.897
5202,90,1.897
5212,90,1.906
5212,90,2.041
5212,90,1.936
5213,90,2.076
5213,90,1.932
5213,90,2.006
5213,90,1.962
5213,90,2.063
5213,90,1.945
5224,90,1.858
5224,90,1.962
5224,90,1.993
5224,90,1.958
5224,90,1.880
5225,90,1.932
5225,90,2.006
5225,90,1.941
5225,90,2.041
5235,90,1.971
5236,90,1.923
5236,90,1.949
5236,90,1.949
5236,90,1.871
5236,90,1.954
5237,90,1.858
5237,90,1.880
5237,90,1.928
5247,90,1.932
5247,90,2.019
5248,90,1.932
5248,90,1.975
5248,90,1.941
5248,90,1.906
5248,90,1.967
5248,90,1.936
5249,90,1.906
5259,90,2.041
5259,90,1.910
5259,90,2.019
5259,90,2.010
5260,90,1.910
5260,90,1.980
5260,90,2.063
5260,90,1.967
5260,90,2.015
5271,90,2.010
5271,90,1.975
5271,90,1.928
5271,90,1.906
5271,90,1.984
5272,90,1.967
5272,90,1.945
5272,90,1.967
5272,90,1.993
5282,90,1.989
5283,90,1.997
5283,90,1.928
5283,90,1.897
5283,90,1.204
5283,90,1.187
5284,90,1.130
5284,90,1.183
5284,90,1.148
5294,90,1.936
5294,90,1.945
5295,90,1.949
5295,90,1.910
5295,90,2.032
5295,90,1.936
5295,90,1.949
5295,90,1.967
5296,90,1.906
5306,90,1.928
5306,90,1.941
5306,90,1.910
5306,90,1.949
5307,90,1.923
5307,90,2.019
5307,90,2.002
5307,90,2.028
5307,90,1.932
5318,90,1.941
5318,90,1.941
5318,90,2.002
5318,90,1.936
5318,90,1.923
5319,90,1.980
5319,90,2.015
5319,90,2.006
5319,90,1.975
5329,90,1.932
5330,90,1.880
5330,90,1.958
5330,90,1.980
5330,90,1.919
5330,90,1.975
5330,90,2.036
5331,90,1.875
5331,90,1.928
5341,90,1.967
5341,90,1.962
5341,90,1.958
5342,90,1.975
5342,90,1.923
5342,90,1.936
5342,90,1.993
5342,90,1.784
5342,90,1.949
5353,90,1.984
5353,90,1.980
5353,90,1.919
5353,90,1.971
5354,90,1.989
5354,90,1.962
5354,90,1.914
5354,90,1.980
5354,90,1.888
5365,90,1.849
5365,90,1.967
5365,90,1.980
5365,90,1.932
5365,90,1.975
5365,90,1.980
5366,90,1.971
5366,90,1.997
5366,90,1.962
5376,90,1.945
5376,90,1.880
5377,90,2.006
5377,90,1.980
5377,90,1.945
5377,90,1.945
5377,90,1.958
5377,90,1.997
5378,90,2.015
5388,90,1.949
5388,90,1.958
5388,90,1.945
5389,90,1.954
5389,90,1.888
5389,90,2.002
5389,90,1.858
5389,90,1.932
5389,90,1.936
5400,90,1.997
5400,90,1.949
5400,90,2.002
5400,90,1.962
5400,90,1.967
5401,90,1.949
5401,90,1.897
5401,90,1.849
5401,90,1.910
5411,90,1.932
5412,90,1.949
5412,90,1.932
5412,90,2.023
5412,90,1.962
5412,90,1.967
5412,90,2.032
5413,90,1.928
5413,90,1.962
5423,90,2.028
5423,90,1.993
5423,90,1.958
5424,90,1.893
5424,90,1.936
5424,90,1.967
5424,90,2.019
5424,90,1.949
5425,90,1.980
5435,90,1.997
5435,90,2.023
5435,90,1.945
5435,90,1.901
5436,90,1.945
5436,90,1.888
5436,90,1.989
5436,90,2.028
5436,90,1.923
5447,90,1.967
5447,90,1.975
5447,90,1.962
5447,90,1.962
5447,90,1.971
5447,90,1.989
5448,90,1.893
5448,90,1.941
5448,90,1.945
5458,90,2.036
5458,90,1.984
5459,90,2.015
5459,90,1.897
5459,90,2.032
5459,90,1.928
5459,90,1.928
5459,90,1.967
5460,90,1.906
5470,90,2.006
5470,90,1.945
5470,90,1.858
5471,90,1.936
5471,90,1.975
5471,90,1.928
5471,90,2.006
5471,90,1.971
5471,90,1.967
5482,90,2.019
5482,90,1.941
5482,90,1.945
5482,90,1.893
5482,90,1.971
5483,90,1.893
5483,90,1.928
5483,90,1.906
5483,90,1.954
5493,90,2.036
5494,90,1.849
5494,90,1.936
5494,90,1.884
5494,90,1.901
5494,90,1.993
5494,90,1.997
5495,90,1.967
5495,90,2.010
5505,90,1.932
5505,90,2.019
5506,90,1.897
5506,90,1.893
5506,90,2.054
5506,90,1.984
5506,90,1.910
5506,90,1.971
5507,90,1.984
5517,90,2.036
5517,90,1.949
5517,90,1.993
5517,90,2.006
5518,90,1.971
5518,90,1.893
5518,90,1.914
5518,90,1.997
5518,90,1.949
5529,90,1.993
5529,90,1.962
5529,90,1.827
5529,90,1.928
5529,90,1.928
5529,90,1.928
5530,90,1.932
5530,90,1.989
5530,90,1.901
5540,90,2.023
5540,90,1.941
5541,90,2.002
5541,90,1.888
5541,90,1.888
5541,90,1.897
5541,90,1.997
5542,90,1.932
5542,90,2.010
5552,90,2.006
5552,90,1.954
5552,90,1.928
5553,90,1.928
5553,90,1.975
5553,90,1.880
5553,90,1.962
5553,90,1.975
5553,90,1.888
5564,90,1.962
5564,90,1.941
5564,90,1.975
5564,90,1.919
5564,90,1.945
5565,90,1.932
5565,90,1.888
5565,90,1.941
5565,90,1.989
5575,90,1.906
5576,90,1.997
5576,90,1.997
5576,90,1.997
5576,90,1.962
5576,90,1.962
5576,90,1.980
5577,90,1.962
5577,90,1.932
5587,90,2.028
5587,90,1.928
5588,90,1.928
5588,90,1.936
5588,90,2.002
5588,90,1.923
5588,90,2.010
5588,90,1.971
5589,90,2.023
5599,90,2.006
5599,90,1.928
5599,90,1.932
5599,90,1.945
5600,90,1.906
5600,90,1.958
5600,90,1.962
5600,90,1.949
5600,90,1.941
5611,90,1.945
5611,90,1.923
5611,90,1.949
5611,90,2.023
5611,90,1.962
5611,90,1.923
5612,90,1.975
5612,90,1.997
5612,90,1.941
5622,90,2.006
5623,90,1.932
5623,90,1.954
5623,90,1.923
5623,90,1.928
5623,90,1.884
5623,90,1.880
5624,90,1.945
5624,90,1.967
5634,90,1.928
5634,90,1.975
5634,90,1.949
5635,90,1.962
5635,90,2.015
5635,90,1.971
5635,90,1.906
5635,90,1.880
5635,90,2.010
5646,90,2.002
5646,90,1.932
5646,90,1.945
5646,90,1.962
5646,90,1.914
5647,90,1.936
5647,90,2.041
5647,90,1.936
5647,90,2.010
5657,90,1.967
5658,90,1.840
5658,90,1.906
5658,90,2.036
5658,90,1.914
5658,90,1.997
5659,90,1.936
5659,90,1.928
5659,90,1.967
5669,90,1.906
5669,90,1.958
5670,90,1.954
5670,90,1.975
5670,90,1.967
5670,90,1.975
5670,90,1.906
5670,90,1.989
5671,90,1.958
5681,90,1.945
5681,90,2.002
5681,90,1.897
5681,90,1.871
5682,90,1.901
5682,90,1.906
5682,90,1.875
5682,90,1.984
5682,90,1.928
5693,90,1.901
5693,90,1.941
5693,90,1.157
5693,90,1.170
5693,90,1.082
5694,90,1.178
5694,90,1.174
5694,90,1.152
5694,90,1.148
5705,90,1.936
5705,90,1.936
5705,90,2.028
5705,90,1.980
5705,90,1.941
5705,90,1.962
5706,90,1.980
5706,90,1.875
5706,90,1.989
5716,90,2.010
5716,90,1.984
5717,90,1.936
5717,90,1.880
5717,90,2.032
5717,90,1.897
5717,90,1.971
5717,90,2.023
5718,90,1.906
5728,90,2.006
5728,90,2.006
5728,90,1.997
5728,90,1.967
5729,90,2.002
5729,90,1.906
5729,90,1.958
5729,90,1.971
5729,90,1.928
5740,90,1.962
5740,90,1.914
5740,90,1.954
5740,90,2.015
5740,90,1.945
5741,90,2.019
5741,90,1.945
5741,90,1.993
5741,90,1.849
5751,90,2.019
5752,90,1.962
5752,90,1.914
5752,90,1.975
5752,90,2.015
5752,90,1.941
5752,90,2.010
5753,90,2.015
5753,90,2.028
5763,90,2.006
5763,90,2.006
5763,90,1.888
5764,90,1.967
5764,90,1.932
5764,90,2.002
5764,90,1.928
5764,90,1.971
5764,90,1.862
5775,90,1.989
5775,90,1.945
5775,90,2.010
5775,90,1.984
5776,90,1.906
5776,90,1.949
5776,90,1.888
5776,90,1.932
5776,90,1.884
5787,90,2.028
5787,90,1.967
5787,90,1.941
5787,90,1.906
5787,90,2.002
5787,90,1.906
5788,90,1.871
5788,90,1.914
5788,90,2.002
5798,90,1.971
5798,90,1.919
5799,90,1.989
5799,90,1.919
5799,90,1.901
5799,90,1.971
5799,90,1.923
5799,90,1.980
5800,90,2.028
5810,90,1.941
5810,90,1.932
5810,90,1.936
5810,90,1.858
5811,90,1.967
5811,90,1.945
5811,90,1.980
5811,90,1.958
5811,90,1.949
5822,90,1.928
5822,90,1.941
5822,90,2.010
5822,90,2.006
5822,90,1.941
5823,90,2.015
5823,90,1.962
5823,90,1.962
5823,90,1.941
5833,90,1.936
5834,90,1.945
5834,90,2.010
5834,90,1.893
5834,90,1.823
5834,90,2.015
5834,90,1.893
5835,90,1.993
5835,90,2.002
5845,90,1.928
5845,90,1.897
5845,90,1.945
5846,90,2.032
5846,90,1.928
5846,90,1.941
5846,90,1.941
5846,90,1.928
5846,90,1.967
5857,90,2.023
5857,90,1.914
5857,90,1.906
5857,90,1.980
5858,90,1.984
5858,90,1.936
5858,90,1.932
5858,90,1.993
5858,90,2.006
5869,90,2.019
5869,90,1.936
5869,90,1.949
5869,90,1.971
5869,90,1.949
5869,90,1.980
5870,90,1.884
5870,90,1.919
5870,90,1.919
5880,90,1.962
5880,90,2.006
5881,90,1.967
5881,90,1.914
5881,90,2.032
5881,90,1.945
5881,90,1.923
5881,90,1.945
5882,90,1.919
5892,90,1.880
5892,90,1.949
5892,90,1.962
5893,90,1.997
5893,90,1.971
5893,90,1.980
5893,90,1.893
5893,90,1.945
5893,90,1.949
5904,90,1.975
5904,90,1.932
5904,90,1.958
5904,90,1.984
5904,90,1.945
5905,90,2.006
5905,90,1.901
5905,90,2.015
5905,90,1.989
5915,90,1.971
5916,90,1.958
5916,90,1.853
5916,90,1.897
5916,90,1.971
5916,90,1.958
5916,90,1.984
5917,90,2.010
5917,90,1.967
5927,90,1.910
5927,90,1.949
5927,90,1.884
5928,90,1.923
5928,90,2.019
5928,90,1.980
5928,90,1.880
5928,90,1.954
5929,90,1.949
5939,90,1.932
5939,90,1.875
5939,90,1.971
5939,90,1.906
5940,90,1.853
5940,90,1.932
5940,90,1.901
5940,90,1.936
5940,90,1.906
5951,90,1.962
5951,90,1.884
5951,90,1.989
5951,90,1.967
5951,90,1.884
5951,90,1.945
5952,90,1.914
5952,90,2.002
5952,90,1.941
5962,90,1.949
5962,90,1.928
5963,90,1.936
5963,90,1.949
5963,90,1.945
5963,90,1.949
5963,90,1.962
5963,90,1.941
5964,90,1.936
5974,90,1.928
5974,90,1.962
5974,90,1.936
5975,90,1.989
5975,90,1.993
5975,90,1.962
5975,90,1.897
5975,90,1.967
5975,90,1.910
5986,90,1.984
5986,90,1.906
5986,90,1.958
5986,90,1.971
5986,90,2.006
5987,90,1.875
5987,90,1.984
5987,90,2.054
5987,90,1.901
5997,90,1.958
5998,90,1.910
5998,90,1.958
5998,90,1.962
5998,90,1.958
5998,90,1.997
5998,90,2.028
5999,90,1.884
5999,90,1.914
6009,90,1.971
6009,90,1.858
6010,90,2.067
6010,90,1.941
6010,90,2.015
6010,90,1.958
6010,90,2.036
6010,90,1.941
6011,90,1.897
6021,90,1.936
6021,90,1.962
6021,90,1.971
6021,90,1.971
6022,90,1.945
6022,90,1.941
6022,90,1.880
6022,90,1.928
6022,90,1.906
6033,90,1.975
6033,90,2.063
6033,90,2.015
6033,90,1.932
6033,90,1.928
6034,90,1.919
6034,90,2.041
6034,90,2.015
6034,90,1.919
6044,90,1.888
6045,90,1.906
6045,90,1.928
6045,90,1.975
6045,90,1.941
6045,90,1.893
6045,90,1.936
6046,90,1.910
6046,90,1.984
6056,90,1.897
6056,90,1.962
6056,90,1.932
6057,90,1.993
6057,90,1.941
6057,90,2.054
6057,90,1.923
6057,90,2.002
6057,90,1.997
6068,90,1.901
6068,90,1.871
6068,90,1.932
6068,90,1.941
6069,90,1.945
6069,90,1.884
6069,90,1.923
6069,90,2.006
6069,90,1.949
6080,90,1.906
6080,90,1.980
6080,90,1.880
6080,90,1.928
6080,90,1.928
6080,90,1.910
6081,90,1.975
6081,90,1.849
6081,90,1.967
6091,90,1.867
6091,90,1.958
6092,90,1.949
6092,90,1.958
6092,90,1.980
6092,90,1.928
6092,90,2.002
6092,90,2.010
6093,90,1.954
6103,90,1.357
6103,90,1.252
6103,90,1.109
6104,90,1.178
6104,90,1.096
6104,90,1.126
6104,90,1.218
6104,90,1.091
6104,90,1.074
6115,90,1.875
6115,90,1.875
6115,90,1.941
6115,90,1.962
6115,90,1.936
6116,90,1.893
6116,90,1.928
6116,90,1.928
6116,90,2.006
6127,90,1.997
6127,90,1.980
6127,90,1.906
6127,90,1.880
6127,90,1.984
6127,90,1.923
6128,90,1.967
6128,90,1.975
6128,90,1.967
6138,90,1.945
6138,90,2.045
6139,90,1.945
6139,90,1.923
6139,90,1.962
6139,90,2.028
6139,90,1.880
6139,90,1.941
6140,90,1.967
6150,90,1.923
6150,90,1.975
6150,90,2.023
6151,90,1.967
6151,90,1.989
6151,90,1.949
6151,90,1.941
6151,90,1.923
6151,90,1.923
6162,90,1.941
6162,90,1.962
6162,90,1.945
6162,90,1.914
6162,90,2.015
6163,90,1.941
6163,90,2.006
6163,90,1.941
6163,90,1.914
6173,90,1.928
6174,90,1.910
6174,90,2.023
6174,90,1.967
6174,90,1.910
6174,90,1.975
6174,90,1.923
6175,90,1.984
6175,90,1.975
6185,90,1.914
6185,90,1.984
6185,90,1.901
6186,90,2.023
6186,90,1.962
6186,90,2.010
6186,90,1.997
6186,90,1.875
6187,90,1.984
6197,90,1.971
6197,90,1.949
6197,90,1.858
6197,90,2.015
6198,90,1.936
6198,90,1.962
6198,90,2.041
6198,90,1.954
6198,90,2.063
6209,90,2.002
6209,90,1.962
6209,90,2.032
6209,90,1.984
6209,90,1.993
6209,90,2.023
6210,90,1.871
6210,90,1.949
6210,90,1.936
6220,90,1.928
6221,90,1.923
6221,90,1.997
6221,90,2.015
6221,90,1.993
6221,90,1.906
6221,90,1.871
6222,90,1.984
6222,90,1.945
6232,90,1.975
6232,90,1.967
6232,90,1.954
6233,90,1.928
6233,90,1.941
6233,90,1.997
6233,90,2.019
6233,90,1.958
6233,90,1.971
6244,90,1.971
6244,90,1.888
6244,90,1.867
6244,90,1.962
6245,90,1.997
6245,90,1.989
6245,90,2.002
6245,90,1.897
6245,90,1.928
6256,90,1.906
6256,90,1.914
6256,90,1.888
6256,90,1.984
6256,90,1.901
6256,90,1.849
6257,90,1.984
6257,90,2.032
6257,90,2.028
6267,90,1.928
6267,90,1.945
6268,90,1.971
6268,90,1.997
6268,90,1.949
6268,90,1.897
6268,90,2.028
6268,90,2.019
6269,90,1.928
6279,90,1.984
6279,90,2.006
6279,90,1.875
6279,90,1.901
6280,90,1.919
6280,90,1.967
6280,90,1.980
6280,90,1.923
6280,90,2.006
6291,90,2.015
6291,90,1.971
6291,90,1.962
6291,90,1.967
6291,90,1.936
6292,90,1.806
6292,90,1.989
6292,90,1.962
6292,90,1.936
6302,90,2.006
6303,90,2.028
6303,90,1.901
6303,90,1.949
6303,90,1.993
6303,90,1.980
6303,90,1.936
6304,90,1.984
6304,90,1.928
6314,90,1.919
6314,90,1.853
6314,90,2.015
6315,90,1.971
6315,90,1.989
6315,90,1.997
6315,90,1.993
6315,90,2.010
6315,90,1.975
6326,90,1.936
6326,90,1.941
6326,90,2.006
6326,90,1.941
6327,90,1.932
6327,90,1.962
6327,90,1.936
6327,90,1.975
6327,90,2.023
6338,90,1.871
6338,90,1.949
6338,90,1.928
6338,90,2.002
6338,90,2.023
6338,90,1.949
6339,90,1.989
6339,90,1.962
6339,90,2.002
6349,90,2.041
6349,90,1.862
6350,90,1.971
6350,90,1.997
6350,90,1.989
6350,90,1.949
6350,90,2.010
6350,90,1.967
6351,90,1.941
6361,90,1.949
6361,90,1.989
6361,90,1.962
6362,90,2.019
6362,90,1.975
6362,90,1.928
6362,90,1.997
6362,90,1.989
6362,90,1.910
6373,90,2.010
6373,90,1.997
6373,90,2.006
6373,90,1.858
6373,90,1.997
6374,90,1.971
6374,90,1.914
6374,90,1.967
6374,90,2.010
6384,90,1.971
6385,90,1.941
6385,90,1.984
6385,90,2.023
6385,90,1.914
6385,90,2.049
6385,90,1.962
6386,90,1.928
6386,90,1.845
6396,90,2.023
6396,90,1.962
6396,90,2.045
6397,90,1.949
6397,90,1.989
6397,90,1.971
6397,90,1.975
6397,90,1.997
6398,90,2.028
6408,90,1.914
6408,90,1.936
6408,90,2.076
6408,90,1.954
6409,90,1.984
6409,90,2.019
6409,90,1.945
6409,90,1.962
6409,90,1.888
6420,90,1.941
6420,90,1.967
6420,90,1.862
6420,90,1.919
6420,90,1.967
6420,90,1.989
6421,90,1.945
6421,90,1.936
6421,90,1.880
6431,90,1.932
6432,90,1.888
6432,90,1.897
6432,90,1.914
6432,90,1.971
6432,90,1.949
6432,90,1.993
6433,90,1.858
6433,90,1.967
6443,90,1.932
6443,90,1.949
6443,90,1.975
6444,90,1.971
6444,90,1.914
6444,90,1.893
6444,90,1.941
6444,90,1.984
6444,90,1.971
6455,90,1.888
6455,90,1.984
6455,90,1.980
6455,90,1.967
6455,90,1.971
6456,90,2.054
6456,90,1.980
6456,90,1.906
6456,90,1.962
6467,90,1.993
6467,90,1.914
6467,90,1.888
6467,90,1.958
6467,90,1.997
6467,90,1.962
6468,90,1.928
6468,90,1.928
6468,90,1.975
6478,90,1.936
6478,90,1.967
6479,90,1.888
6479,90,1.906
6479,90,2.019
6479,90,1.967
6479,90,1.884
6479,90,1.893
6480,90,1.980
6490,90,1.949
6490,90,1.997
6490,90,1.914
6490,90,1.840
6491,90,1.928
6491,90,1.962
6491,90,1.962
6491,90,1.888
6491,90,1.919
6502,90,1.967
6502,90,1.941
6502,90,2.002
6502,90,1.971
6502,90,1.984
6503,90,1.901
6503,90,2.006
6503,90,1.984
6503,90,1.893
6513,90,1.209
6514,90,1.248
6514,90,1.932
6514,90,1.897
6514,90,2.032
6514,90,1.993
6514,90,1.941
6515,90,2.019
6515,90,1.984
6515,90,1.967
6525,90,2.032
6526,90,1.932
6526,90,1.997
6526,90,1.936
6526,90,2.006
6526,90,1.958
6526,90,1.962
6527,90,2.006
6527,90,1.875
6537,90,1.971
6537,90,1.975
6537,90,1.962
6538,90,1.871
6538,90,2.002
6538,90,1.941
6538,90,1.893
6538,90,1.962
6538,90,1.941
6549,90,1.884
6549,90,1.997
6549,90,2.006
6549,90,1.997
6550,90,1.932
6550,90,1.989
6550,90,1.980
6550,90,2.023
6550,90,1.989
6561,90,1.954
6561,90,1.936
6561,90,1.910
6561,90,1.923
6561,90,1.975
6561,90,1.997
6562,90,1.997
6562,90,1.962
6562,90,1.914
6572,90,1.962
6572,90,1.967
6573,90,1.923
6573,90,1.914
6573,90,2.036
6573,90,2.028
6573,90,1.949
6573,90,1.980
6574,90,1.975
6584,90,1.975
6584,90,1.971
6584,90,1.958
6585,90,1.945
6585,90,1.906
6585,90,2.023
6585,90,1.932
6585,90,2.023
6585,90,1.941
6596,90,1.910
6596,90,2.006
6596,90,1.871
6596,90,1.980
6596,90,1.997
6597,90,1.958
6597,90,1.958
6597,90,1.962
6597,90,1.958
6607,90,1.919
6608,90,1.932
6608,90,1.910
6608,90,1.975
6608,90,1.962
6608,90,1.945
6608,90,1.984
6609,90,1.962
6609,90,1.928
6619,90,2.002
6619,90,1.945
6619,90,1.858
6620,90,2.028
6620,90,1.910
6620,90,1.871
6620,90,1.975
6620,90,1.962
6621,90,1.980
6631,90,1.989
6631,90,1.910
6631,90,1.989
6631,90,1.880
6632,90,1.962
6632,90,1.893
6632,90,1.945
6632,90,1.967
6632,90,1.949
6643,90,1.910
6643,90,1.919
6643,90,1.997
6643,90,1.910
6643,90,1.871
6643,90,1.980
6644,90,1.984
6644,90,1.919
6644,90,1.945
6654,90,1.971
6654,90,1.949
6655,90,1.967
6655,90,2.049
6655,90,1.971
6655,90,1.949
6655,90,1.941
6655,90,1.919
6656,90,1.980
6666,90,1.901
6666,90,1.958
6666,90,1.989
6667,90,1.980
6667,90,1.971
6667,90,2.010
6667,90,1.880
6667,90,1.975
6667,90,1.941
6678,90,1.980
6678,90,1.897
6678,90,1.880
6678,90,1.997
6678,90,1.962
6679,90,1.932
6679,90,1.975
6679,90,2.002
6679,90,1.867
6689,90,1.880
6690,90,1.962
6690,90,1.888
6690,90,1.893
6690,90,1.984
6690,90,1.958
6690,90,1.975
6691,90,1.941
6691,90,1.906
6701,90,2.015
6701,90,1.858
6701,90,1.893
6702,90,2.006
6702,90,1.893
6702,90,1.901
6702,90,1.949
6702,90,1.975
6703,90,2.002
6713,90,2.019
6713,90,1.910
6713,90,2.023
6713,90,1.897
6714,90,1.997
6714,90,1.884
6714,90,1.993
6714,90,1.967
6714,90,1.936
6725,90,1.893
6725,90,2.002
6725,90,1.897
6725,90,1.932
6725,90,1.897
6725,90,1.958
6726,90,2.002
6726,90,2.023
6726,90,1.906
6736,90,1.993
6736,90,1.962
6737,90,1.914
6737,90,1.980
6737,90,1.989
6737,90,1.971
6737,90,2.054
6738,90,1.975
6738,90,1.993
6748,90,1.971
6748,90,1.936
6748,90,1.971
6749,90,1.897
6749,90,1.984
6749,90,1.997
6749,90,1.958
6749,90,1.945
6749,90,1.984
6760,90,1.971
6760,90,2.010
6760,90,1.941
6760,90,1.941
6760,90,1.880
6761,90,1.901
6761,90,1.954
6761,90,1.989
6761,90,1.993
6771,90,1.997
6772,90,1.975
6772,90,1.910
6772,90,1.928
6772,90,2.041
6772,90,1.884
6772,90,2.041
6773,90,1.871
6773,90,2.015
6783,90,1.919
6783,90,1.936
6784,90,1.936
6784,90,1.962
6784,90,1.897
6784,90,1.945
6784,90,1.884
6784,90,2.023
6785,90,1.914
6795,90,1.941
6795,90,1.923
6795,90,2.002
6795,90,2.006
6796,90,1.967
6796,90,1.941
6796,90,1.975
6796,90,1.901
6796,90,1.932
6807,90,1.853
6807,90,1.919
6807,90,1.980
6807,90,1.989
6807,90,1.923
6807,90,2.002
6808,90,1.910
6808,90,2.010
6808,90,1.906
6818,90,2.002
6819,90,1.945
6819,90,1.265
6819,90,1.196
6819,90,1.300
6819,90,1.178
6819,90,1.109
6820,90,1.157
6820,90,1.165
6830,90,2.006
6830,90,1.989
6831,90,1.984
6831,90,2.006
6831,90,1.897
6831,90,1.945
6831,90,2.015
6831,90,1.958
6832,90,1.975
6842,90,1.928
6842,90,1.901
6842,90,1.949
6842,90,1.997
6843,90,1.980
6843,90,1.888
6843,90,1.967
6843,90,1.941
6843,90,1.919
6854,90,1.897
6854,90,2.063
6854,90,1.993
6854,90,1.923
6854,90,1.941
6855,90,1.958
6855,90,1.888
6855,90,2.019
6855,90,1.962
6865,90,1.919
6866,90,1.945
6866,90,1.914
6866,90,1.975
6866,90,1.975
6866,90,1.975
6866,90,1.945
6867,90,1.941
6867,90,1.958
6877,90,1.910
6877,90,1.971
6877,90,1.910
6878,90,1.914
6878,90,1.945
6878,90,1.954
6878,90,1.993
6878,90,1.941
6878,90,1.923
6889,90,2.006
6889,90,1.936
6889,90,2.015
6889,90,1.958
6889,90,1.962
6890,90,1.997
6890,90,1.984
6890,90,1.945
6890,90,1.989
6901,90,2.049
6901,90,1.906
6901,90,1.845
6901,90,1.997
6901,90,2.015
6901,90,1.893
6902,90,1.949
6902,90,1.980
6902,90,1.989
6912,90,1.962
6912,90,1.962
6913,90,1.945
6913,90,1.949
6913,90,1.997
6913,90,1.954
6913,90,1.867
6913,90,1.932
6914,90,1.888
6924,90,1.949
6924,90,1.971
6924,90,1.971
6924,90,1.914
6925,90,1.967
6925,90,1.967
6925,90,2.010
6925,90,1.980
6925,90,1.962
6936,90,1.914
6936,90,1.936
6936,90,2.002
6936,90,1.967
6936,90,1.914
6937,90,1.989
6937,90,1.932
6937,90,2.023
6937,90,1.932
6947,90,1.932
6948,90,1.893
6948,90,1.941
6948,90,1.962
6948,90,1.875
6948,90,1.910
6948,90,1.949
6949,90,1.901
6949,90,1.975
6959,90,2.010
6959,90,1.962
6959,90,2.019
6960,90,1.932
6960,90,2.032
6960,90,1.906
6960,90,1.932
6960,90,2.019
6960,90,1.923
6971,90,1.989
6971,90,2.006
6971,90,2.006
6971,90,1.954
6972,90,1.975
6972,90,1.880
6972,90,1.975
6972,90,1.923
6972,90,1.971
6983,90,1.984
6983,90,1.897
6983,90,1.997
6983,90,1.971
6983,90,1.945
6983,90,1.989
6984,90,1.906
6984,90,1.971
6984,90,1.980
6994,90,2.002
6994,90,1.967
6995,90,1.928
6995,90,1.980
6995,90,1.932
6995,90,1.932
6995,90,1.941
6995,90,1.989
6996,90,2.015
7006,90,1.945
7006,90,1.962
7006,90,1.958
7007,90,1.919
7007,90,1.853
7007,90,2.023
7007,90,1.993
7007,90,1.967
7007,90,1.914
7018,90,1.984
7018,90,1.923
7018,90,1.962
7018,90,2.019
7018,90,1.993
7019,90,1.958
7019,90,1.901
7019,90,1.910
7019,90,1.971
7030,90,1.997
7030,90,2.006
7030,90,1.945
7030,90,1.910
7030,90,2.019
7030,90,1.862
7031,90,2.041
7031,90,1.989
7031,90,1.997
7041,90,1.910
7041,90,1.923
7042,90,1.932
7042,90,1.971
7042,90,2.045
7042,90,1.967
7042,90,1.958
7043,90,1.980
7043,90,1.906
7053,90,1.993
7053,90,1.975
7053,90,1.888
7054,90,1.989
7054,90,2.041
7054,90,2.102
7054,90,1.980
7054,90,1.975
7054,90,2.010
7065,90,1.967
7065,90,1.884
7065,90,1.975
7065,90,1.867
7065,90,2.010
7066,90,1.975
7066,90,1.967
7066,90,1.967
7066,90,2.089
7076,90,1.941
7077,90,1.984
7077,90,2.023
7077,90,1.997
7077,90,1.919
7077,90,1.923
7077,90,1.954
7078,90,2.019
7078,90,1.893
7088,90,1.928
7088,90,1.980
7089,90,2.093
7089,90,1.989
7089,90,2.028
7089,90,1.945
7089,90,1.971
7089,90,1.989
7090,90,2.036
7100,90,1.875
7100,90,1.923
7100,90,1.928
7100,90,1.975
7101,90,1.962
7101,90,1.993
7101,90,1.997
7101,90,1.980
7101,90,1.906
7112,90,1.919
7112,90,1.997
7112,90,1.932
7112,90,1.989
7112,90,1.923
7112,90,1.910
7113,90,1.910
7113,90,2.006
7113,90,1.962
7123,90,1.971
7124,90,2.049
7124,90,1.975
7124,90,1.932
7124,90,1.919
7124,90,1.993
7124,90,1.945
7125,90,1.893
7125,90,1.936
7135,90,1.945
7135,90,1.949
7135,90,1.923
7136,90,1.971
7136,90,1.971
7136,90,2.010
7136,90,1.945
7136,90,1.906
7136,90,1.914
7147,90,1.989
7147,90,1.945
7147,90,1.914
7147,90,1.980
7148,90,1.888
7148,90,1.962
7148,90,1.932
7148,90,1.941
7148,90,1.932
7159,90,1.962
7159,90,1.975
7159,90,1.941
7159,90,1.984
7159,90,1.967
7159,90,1.945
7160,90,1.989
7160,90,1.853
7160,90,1.936
7170,90,1.936
7170,90,2.006
7171,90,1.945
7171,90,1.888
7171,90,1.958
7171,90,2.080
7171,90,2.023
7171,90,1.971
7172,90,1.975
7182,90,1.971
7182,90,1.932
7182,90,1.823
7183,90,2.067
7183,90,1.997
7183,90,1.897
7183,90,1.945
7183,90,1.949
7183,90,2.036
7194,90,1.958
7194,90,2.002
7194,90,1.984
7194,90,1.936
7194,90,1.962
7195,90,1.971
7195,90,1.932
7195,90,1.919
7195,90,1.941
7205,90,1.888
7206,90,2.045
7206,90,1.989
7206,90,1.984
7206,90,1.897
7206,90,1.932
7206,90,1.928
7207,90,1.858
7207,90,1.884
7217,90,1.962
7217,90,1.923
7217,90,1.997
7218,90,1.958
7218,90,1.993
7218,90,1.971
7218,90,1.958
7218,90,2.006
7219,90,1.862
7229,90,1.261
7229,90,1.148
7229,90,1.100
7229,90,1.100
7230,90,1.122
7230,90,1.196
7230,90,1.183
7230,90,1.196
7230,90,1.222
7241,90,1.984
7241,90,1.928
7241,90,1.958
7241,90,1.884
7241,90,1.980
7241,90,1.914
7242,90,1.967
7242,90,1.975
7242,90,1.989
7252,90,1.923
7252,90,1.949
7253,90,1.893
7253,90,1.919
7253,90,1.849
7253,90,2.015
7253,90,1.897
7253,90,1.967
7254,90,1.914
7264,90,1.997
7264,90,1.932
7264,90,1.958
7265,90,2.006
7265,90,1.897
7265,90,1.967
7265,90,2.006
7265,90,1.932
7265,90,1.949
7276,90,1.923
7276,90,1.958
7276,90,1.945
7276,90,1.989
7276,90,2.006
7277,90,2.010
7277,90,1.906
7277,90,2.010
7277,90,1.962
7287,90,1.897
7288,90,1.941
7288,90,2.067
7288,90,1.975
7288,90,1.941
7288,90,1.941
7288,90,1.980
7289,90,1.958
7289,90,2.045
7299,90,1.958
7299,90,1.949
7300,90,1.962
7300,90,1.932
7300,90,1.914
7300,90,1.997
7300,90,1.797
7300,90,1.919
7301,90,1.923
7311,90,1.945
7311,90,1.949
7311,90,2.010
7311,90,1.962
7312,90,1.928
7312,90,2.036
7312,90,1.880
7312,90,1.845
7312,90,1.993
7323,90,2.010
7323,90,1.906
7323,90,1.901
7323,90,2.071
7323,90,1.962
7323,90,1.928
7324,90,2.023
7324,90,1.958
7324,90,1.880
7334,90,1.928
7335,90,1.928
7335,90,1.984
7335,90,1.954
7335,90,1.984
7335,90,2.002
7335,90,1.949
7336,90,1.910
7336,90,1.928
7346,90,1.962
7346,90,1.975
7346,90,1.962
7347,90,1.923
7347,90,1.980
7347,90,1.949
7347,90,1.906
7347,90,1.919
7347,90,1.975
7358,90,1.884
7358,90,2.015
7358,90,1.993
7358,90,1.958
7358,90,2.006
7359,90,1.980
7359,90,1.962
7359,90,1.980
7359,90,1.936
7369,90,1.997
7370,90,1.906
7370,90,1.980
7370,90,1.949
7370,90,1.910
7370,90,1.932
7370,90,1.906
7371,90,1.893
7371,90,1.936
7381,90,1.949
7381,90,1.975
7382,90,1.945
7382,90,1.962
7382,90,1.858
7382,90,1.901
7382,90,1.980
7382,90,1.980
7383,90,1.954
7393,90,1.932
7393,90,1.928
7393,90,1.919
7393,90,1.975
7394,90,1.949
7394,90,1.993
7394,90,1.962
7394,90,1.967
7394,90,1.923
7405,90,1.945
7405,90,1.936
7405,90,1.901
7405,90,1.971
7405,90,1.993
7405,90,1.906
7406,90,1.993
7406,90,1.906
7406,90,1.941
7416,90,1.967
7417,90,1.971
7417,90,1.914
7417,90,1.980
7417,90,1.958
7417,90,1.858
7417,90,1.923
7418,90,2.019
7418,90,1.932
7428,90,1.975
7428,90,1.975
7428,90,1.932
7429,90,1.975
7429,90,2.036
7429,90,1.936
7429,90,1.932
7429,90,2.049
7429,90,1.936
7440,90,1.971
7440,90,1.936
7440,90,1.875
7440,90,1.936
7440,90,1.975
7441,90,1.971
7441,90,1.993
7441,90,1.958
7441,90,1.862
7452,90,1.989
7452,90,1.936
7452,90,1.932
7452,90,1.967
7452,90,1.893
7452,90,2.015
7453,90,1.967
7453,90,1.906
7453,90,1.906
7463,90,2.023
7463,90,1.910
7464,90,2.006
7464,90,1.914
7464,90,1.949
7464,90,1.893
7464,90,1.914
7464,90,1.932
7465,90,1.967
7475,90,1.958
7475,90,1.984
7475,90,1.936
7475,90,1.975
7476,90,1.941
7476,90,1.989
7476,90,1.954
7476,90,1.949
7476,90,2.023
7487,90,2.023
7487,90,1.928
7487,90,1.858
7487,90,1.862
7487,90,1.906
7488,90,1.958
7488,90,2.045
7488,90,2.010
7488,90,2.054
7498,90,2.015
7499,90,1.967
7499,90,1.932
7499,90,1.945
7499,90,1.997
7499,90,1.967
7499,90,1.954
7500,90,2.063
7500,90,1.971
7510,90,2.015
7510,90,1.971
7510,90,1.928
7511,90,2.002
7511,90,1.914
7511,90,1.945
7511,90,1.941
7511,90,1.919
7511,90,1.949
7522,90,2.006
7522,90,1.941
7522,90,1.945
7522,90,1.958
7523,90,1.962
7523,90,1.967
7523,90,1.989
7523,90,2.028
7523,90,1.858
7534,90,1.984
7534,90,1.910
7534,90,2.028
7534,90,1.893
7534,90,2.006
7534,90,1.997
7535,90,1.975
7535,90,1.949
7535,90,2.006
7545,90,1.967
7545,90,1.936
7546,90,1.975
7546,90,1.906
7546,90,1.989
7546,90,1.941
7546,90,1.997
7546,90,1.980
7547,90,1.914
7557,90,1.910
7557,90,1.958
7557,90,1.958
7557,90,1.871
7558,90,1.962
7558,90,1.936
7558,90,1.971
7558,90,1.967
7558,90,1.989
7569,90,1.975
7569,90,1.923
7569,90,1.975
7569,90,1.980
7569,90,1.867
7570,90,1.949
7570,90,1.975
7570,90,1.980
7570,90,1.949
7580,90,1.906
7581,90,1.910
7581,90,1.932
7581,90,1.967
7581,90,1.958
7581,90,1.945
7581,90,1.954
7582,90,1.989
7582,90,1.945
7592,90,2.002
7592,90,1.884
7592,90,1.954
7593,90,1.949
7593,90,1.875
7593,90,2.080
7593,90,1.945
7593,90,1.932
7593,90,1.932
7604,90,2.002
7604,90,1.980
7604,90,1.875
7604,90,1.928
7605,90,2.019
7605,90,1.945
7605,90,1.932
7605,90,1.971
7605,90,1.997
7616,90,1.962
7616,90,1.945
7616,90,1.958
7616,90,1.867
7616,90,1.932
7616,90,1.993
7617,90,1.914
7617,90,1.989
7617,90,2.015
7627,90,2.010
7627,90,1.971
7628,90,1.967
7628,90,1.962
7628,90,1.906
7628,90,1.958
7628,90,1.949
7628,90,1.967
7629,90,2.049
7639,90,1.157
7639,90,1.183
7639,90,1.196
7640,90,1.122
7640,90,1.187
7640,90,1.191
7640,90,1.091
7640,90,1.152
7640,90,1.135
7651,90,1.962
7651,90,1.893
7651,90,1.971
7651,90,1.962
7651,90,1.958
7652,90,1.871
7652,90,1.993
7652,90,1.919
7652,90,1.997
7663,90,1.901
7663,90,2.071
7663,90,1.945
7663,90,1.936
7663,90,1.914
7663,90,1.945
7664,90,1.958
7664,90,1.993
7664,90,1.975
7674,90,1.928
7674,90,1.906
7675,90,2.010
7675,90,1.901
7675,90,1.893
7675,90,1.993
7675,90,1.914
7675,90,2.054
7676,90,1.932
7686,90,1.906
7686,90,1.997
7686,90,1.993
7686,90,1.906
7687,90,1.980
7687,90,1.936
7687,90,1.928
7687,90,1.945
7687,90,2.036
7698,90,1.814
7698,90,1.962
7698,90,1.962
7698,90,1.980
7698,90,1.971
7699,90,1.910
7699,90,1.928
7699,90,1.949
7699,90,1.997
7709,90,1.975
7710,90,1.888
7710,90,1.962
7710,90,1.871
7710,90,1.932
7710,90,1.906
7710,90,1.971
7711,90,1.984
7711,90,2.019
7721,90,1.906
7721,90,1.923
7721,90,1.949
7722,90,1.993
7722,90,2.041
7722,90,1.888
7722,90,1.914
7722,90,2.006
7722,90,1.945
7733,90,1.993
7733,90,1.975
7733,90,1.971
7733,90,1.936
7733,90,2.002
7734,90,1.849
7734,90,2.015
7734,90,1.867
7734,90,1.954
7745,90,1.962
7745,90,1.901
7745,90,1.971
7745,90,1.936
7745,90,2.006
7745,90,1.914
7746,90,2.002
7746,90,1.971
7746,90,1.967
7756,90,1.906
7756,90,1.928
7757,90,1.893
7757,90,2.063
7757,90,1.962
7757,90,1.945
7757,90,1.910
7757,90,1.967
7758,90,1.993
7768,90,1.936
7768,90,1.862
7768,90,1.928
7768,90,1.997
7769,90,1.910
7769,90,2.010
7769,90,1.967
7769,90,1.975
7769,90,1.888
7780,90,1.980
7780,90,1.958
7780,90,1.862
7780,90,1.962
7780,90,1.971
7781,90,1.941
7781,90,1.888
7781,90,1.993
7781,90,1.906
7791,90,1.949
7792,90,1.928
7792,90,1.919
7792,90,1.958
7792,90,1.923
7792,90,1.928
7792,90,1.941
7793,90,1.788
7793,90,1.971
7803,90,2.097
7803,90,1.984
7803,90,1.875
7804,90,2.054
7804,90,1.932
7804,90,1.910
7804,90,1.989
7804,90,1.936
7804,90,1.897
7815,90,1.862
7815,90,1.862
7815,90,1.901
7815,90,1.888
7816,90,1.984
7816,90,1.949
7816,90,2.028
7816,90,1.945
7816,90,1.967
7827,90,2.015
7827,90,1.919
7827,90,1.906
7827,90,1.962
7827,90,1.980
7827,90,2.010
7828,90,1.910
7828,90,1.923
7828,90,1.980
7838,90,1.975
7838,90,2.054
7839,90,1.862
7839,90,1.928
7839,90,1.932
7839,90,1.941
7839,90,1.967
7839,90,2.010
7840,90,1.949
7850,90,1.989
7850,90,1.914
7850,90,1.897
7851,90,1.993
7851,90,1.980
7851,90,1.932
7851,90,1.980
7851,90,1.875
7851,90,1.949
7862,90,2.006
7862,90,1.923
7862,90,1.928
7862,90,2.002
7862,90,1.958
7863,90,2.002
7863,90,1.901
7863,90,1.914
7863,90,1.928
7873,90,1.888
7874,90,1.967
7874,90,1.945
7874,90,1.910
7874,90,1.962
7874,90,1.945
7874,90,1.880
7875,90,1.945
7875,90,1.980
7885,90,1.936
7885,90,1.919
7885,90,1.958
7886,90,1.936
7886,90,1.984
7886,90,2.015
7886,90,2.010
7886,90,1.928
7886,90,1.945
7897,90,2.049
7897,90,1.971
7897,90,1.836
7897,90,1.928
7898,90,1.958
7898,90,1.914
7898,90,1.997
7898,90,1.993
7898,90,2.002
7909,90,1.971
7909,90,1.910
7909,90,1.910
7909,90,1.932
7909,90,1.910
7909,90,1.910
7910,90,1.954
7910,90,1.906
7910,90,1.997
7920,90,1.975
7920,90,1.862
7921,90,1.980
7921,90,2.015
7921,90,1.888
7921,90,1.975
7921,90,1.967
7921,90,1.984
7922,90,1.901
7932,90,2.067
7932,90,1.989
7932,90,1.897
7933,90,1.914
7933,90,2.032
7933,90,1.993
7933,90,2.023
7933,90,1.967
7933,90,1.906
7944,90,1.962
7944,90,1.880
7944,90,1.871
7944,90,1.888
7944,90,1.954
7945,90,1.932
7945,90,1.967
7945,90,1.945
7945,90,1.984
7955,90,1.928
7956,90,1.967
7956,90,1.914
7956,90,1.914
7956,90,1.932
7956,90,1.897
7956,90,1.919
7957,90,1.997
7957,90,1.984
7967,90,1.949
7967,90,1.975
7968,90,1.867
7968,90,1.853
7968,90,1.993
7968,90,1.914
7968,90,1.949
7968,90,1.945
7969,90,1.919
7979,90,1.967
7979,90,1.928
7979,90,1.971
7979,90,1.984
7980,90,1.853
7980,90,1.962
7980,90,1.910
7980,90,1.914
7980,90,1.871
7991,90,2.019
7991,90,1.962
7991,90,1.958
7991,90,1.962
7991,90,1.954
7991,90,1.897
7992,90,1.932
7992,90,1.989
7992,90,1.993
8002,90,1.923
8002,90,1.906
8003,90,1.932
8003,90,1.954
8003,90,1.945
8003,90,2.036
8003,90,1.941
8004,90,2.015
8004,90,1.967
8014,90,1.945
8014,90,2.010
8014,90,1.884
8015,90,1.893
8015,90,1.971
8015,90,1.906
8015,90,2.028
8015,90,2.049
8016,90,1.893
8026,90,1.897
8026,90,1.893
8026,90,1.932
8026,90,1.962
8027,90,1.945
8027,90,2.032
8027,90,1.914
8027,90,1.945
8027,90,2.002
8038,90,1.941
8038,90,1.914
8038,90,1.945
8038,90,1.936
8038,90,2.015
8038,90,1.949
8039,90,1.989
8039,90,1.980
8039,90,1.945
8049,90,1.174
8050,90,1.122
8050,90,1.209
8050,90,1.122
8050,90,1.091
8050,90,1.840
8050,90,1.923
8051,90,1.867
8051,90,1.967
8061,90,1.875
8061,90,1.941
8061,90,1.949
8062,90,1.928
8062,90,1.954
8062,90,1.993
8062,90,1.949
8062,90,2.028
8062,90,1.906
8073,90,2.023
8073,90,2.032
8073,90,1.928
8073,90,2.010
8074,90,2.002
8074,90,1.884
8074,90,1.967
8074,90,1.993
8074,90,1.928
8085,90,1.914
8085,90,2.002
8085,90,1.967
8085,90,1.914
8085,90,1.993
8085,90,1.941
8086,90,1.880
8086,90,1.832
8086,90,1.901
8096,90,1.975
8096,90,1.932
8097,90,1.975
8097,90,1.888
8097,90,1.945
8097,90,1.984
8097,90,1.984
8097,90,1.884
8098,90,1.945
8108,90,1.958
8108,90,1.945
8108,90,1.962
8109,90,1.971
8109,90,1.980
8109,90,1.949
8109,90,2.015
8109,90,1.923
8109,90,1.941
8120,90,2.045
8120,90,1.914
8120,90,1.954
8120,90,1.971
8120,90,1.897
8121,90,2.002
8121,90,1.910
8121,90,1.941
8121,90,2.028
8132,90,1.980
8132,90,1.984
8132,90,1.928
8132,90,1.962
8132,90,2.028
8132,90,1.997
8133,90,1.910
8133,90,1.910
8133,90,1.962
8143,90,1.949
8143,90,2.015
8144,90,1.949
8144,90,1.958
8144,90,1.954
8144,90,2.036
8144,90,1.932
8144,90,2.028
8145,90,1.910
8155,90,1.993
8155,90,1.962
8155,90,1.858
8155,90,2.015
8156,90,1.980
8156,90,1.897
8156,90,1.919
8156,90,1.967
8156,90,1.910
8167,90,1.932
8167,90,2.019
8167,90,2.054
8167,90,1.945
8167,90,1.967
8168,90,1.975
8168,90,1.993
8168,90,1.949
8168,90,1.975
8178,90,1.989
8179,90,1.989
8179,90,1.958
8179,90,1.945
8179,90,2.006
8179,90,1.962
8179,90,1.923
8180,90,1.945
8180,90,1.888
8190,90,1.923
8190,90,1.936
8191,90,1.989
8191,90,1.914
8191,90,2.002
8191,90,1.954
8191,90,1.980
8191,90,1.962
8192,90,1.928
8202,90,1.949
8202,90,1.832
8202,90,1.932
8202,90,1.949
8203,90,1.901
8203,90,1.871
8203,90,1.914
8203,90,1.914
8203,90,1.941
8214,90,1.932
8214,90,2.006
8214,90,1.949
8214,90,2.015
8214,90,1.967
8214,90,1.919
8215,90,1.923
8215,90,1.906
8215,90,1.914
8225,90,1.989
8225,90,2.015
8226,90,2.045
8226,90,2.023
8226,90,1.980
8226,90,1.932
8226,90,1.958
8227,90,1.906
8227,90,1.975
8237,90,1.993
8237,90,1.936
8237,90,1.984
8238,90,2.028
8238,90,1.962
8238,90,1.949
8238,90,1.936
8238,90,1.980
8238,90,2.002
8249,90,1.958
8249,90,1.975
8249,90,1.919
8249,90,1.914
8249,90,2.015
8250,90,1.888
8250,90,1.958
8250,90,1.932
8250,90,1.993
8260,90,1.914
8261,90,1.871
8261,90,1.923
8261,90,1.971
8261,90,2.002
8261,90,1.962
8262,90,1.928
8262,90,1.914
8262,90,2.045
8272,90,1.993
8272,90,1.941
8273,90,1.949
8273,90,1.989
8273,90,1.967
8273,90,1.993
8273,90,1.893
8273,90,1.949
8274,90,1.928
8284,90,1.936
8284,90,1.949
8284,90,1.997
8284,90,1.941
8285,90,2.028
8285,90,1.993
8285,90,2.002
8285,90,1.880
8285,90,1.971
8296,90,1.932
8296,90,1.971
8296,90,2.002
8296,90,2.036
8296,90,2.023
8296,90,1.928
8297,90,1.997
8297,90,2.006
8297,90,1.884
8307,90,1.888
8308,90,1.932
8308,90,1.941
8308,90,1.945
8308,90,2.049
8308,90,1.941
8308,90,2.036
8309,90,1.975
8309,90,1.928
8319,90,1.993
8319,90,1.867
8319,90,1.967
8320,90,1.888
8320,90,1.980
8320,90,2.067
8320,90,1.949
8320,90,2.006
8320,90,1.945
8331,90,1.949
8331,90,1.958
8331,90,1.980
8331,90,1.980
8331,90,2.015
8332,90,1.867
8332,90,2.080
8332,90,1.928
8332,90,1.997
8342,90,1.932
8343,90,1.967
8343,90,1.975
8343,90,1.975
8343,90,1.928
8343,90,1.914
8344,90,1.923
8344,90,1.901
8344,90,1.989
8354,90,1.928
8354,90,2.019
8355,90,1.949
8355,90,1.928
8355,90,1.928
8355,90,1.949
8355,90,1.218
8356,90,1.174
8356,90,1.165
8366,90,2.010
8366,90,1.989
8366,90,1.958
8367,90,2.106
8367,90,1.958
8367,90,1.888
8367,90,2.010
8367,90,1.888
8367,90,1.797
8378,90,1.997
8378,90,1.962
8378,90,1.923
8378,90,1.862
8378,90,2.063
8379,90,1.914
8379,90,1.967
8379,90,1.897
8379,90,1.914
8390,90,1.945
8390,90,1.928
8390,90,1.997
8390,90,1.993
8390,90,1.984
8390,90,1.989
8391,90,1.967
8391,90,1.897
8391,90,2.028
8401,90,1.993
8401,90,1.914
8402,90,1.906
8402,90,1.989
8402,90,1.941
8402,90,1.975
8402,90,1.997
8402,90,1.936
8403,90,1.932
8413,90,1.880
8413,90,1.954
8413,90,1.928
8413,90,1.862
8414,90,2.023
8414,90,1.906
8414,90,1.989
8414,90,1.967
8414,90,1.871
8425,90,1.941
8425,90,1.901
8425,90,1.997
8425,90,2.049
8425,90,1.945
8426,90,2.019
8426,90,1.871
8426,90,1.932
8426,90,1.901
8436,90,1.928
8437,90,1.971
8437,90,1.945
8437,90,1.967
8437,90,1.941
8437,90,2.032
8437,90,2.002
8438,90,1.962
8438,90,1.932
8448,90,1.932
8448,90,1.836
8448,90,2.006
8449,90,1.997
8449,90,1.923
8449,90,1.936
8449,90,2.002
8449,90,2.036
8449,90,1.980
8460,90,1.871
8460,90,1.919
8460,90,1.810
8460,90,2.002
8461,90,2.015
8461,90,1.884
8461,90,1.928
8461,90,1.945
8461,90,1.967
8472,90,1.936
8472,90,1.975
8472,90,1.897
8472,90,1.897
8472,90,1.984
8472,90,1.984
8473,90,1.971
8473,90,1.993
8473,90,1.897
8483,90,1.997
8483,90,1.941
8484,90,1.936
8484,90,1.945
8484,90,2.036
8484,90,1.932
8484,90,1.923
8484,90,1.910
8485,90,1.914
8495,90,1.871
8495,90,2.010
8495,90,1.880
8495,90,1.980
8496,90,1.975
8496,90,1.880
8496,90,2.002
8496,90,1.862
8496,90,1.962
8507,90,1.897
8507,90,1.910
8507,90,1.980
8507,90,2.023
8507,90,2.032
8508,90,1.967
8508,90,1.875
8508,90,2.023
8508,90,2.049
8518,90,1.997
8519,90,2.002
8519,90,1.853
8519,90,1.906
8519,90,1.980
8519,90,2.028
8519,90,1.945
8520,90,1.967
8520,90,1.936
8530,90,1.975
8530,90,1.893
8530,90,1.888
8531,90,1.923
8531,90,1.989
8531,90,1.958
8531,90,1.980
8531,90,1.945
8531,90,1.919
8542,90,1.906
8542,90,1.958
8542,90,1.932
8542,90,1.923
8543,90,1.914
8543,90,2.036
8543,90,1.984
8543,90,1.906
8543,90,1.932
8554,90,1.962
8554,90,2.006
8554,90,1.919
8554,90,1.906
8554,90,1.975
8554,90,1.971
8555,90,1.945
8555,90,1.962
8555,90,1.880
8565,90,1.971
8565,90,1.958
8566,90,1.949
8566,90,1.984
8566,90,1.897
8566,90,1.975
8566,90,1.958
8566,90,1.962
8567,90,1.958
8577,90,1.989
8577,90,1.962
8577,90,1.862
8578,90,1.997
8578,90,1.962
8578,90,1.932
8578,90,1.971
8578,90,1.975
8578,90,1.871
8589,90,1.941
8589,90,1.932
8589,90,2.032
8589,90,1.984
8589,90,1.928
8590,90,1.901
8590,90,1.971
8590,90,1.862
8590,90,1.910
8600,90,1.928
8601,90,1.975
8601,90,2.036
8601,90,1.941
8601,90,1.997
8601,90,1.932
8601,90,1.897
8602,90,1.932
8602,90,1.936
8612,90,1.888
8612,90,1.962
8612,90,1.884
8613,90,1.919
8613,90,1.932
8613,90,1.853
8613,90,1.923
8613,90,1.928
8614,90,1.906
8624,90,1.993
8624,90,1.962
8624,90,1.932
8624,90,1.910
8625,90,2.006
8625,90,1.919
8625,90,1.989
8625,90,1.980
8625,90,1.901
8636,90,1.962
8636,90,1.962
8636,90,1.993
8636,90,1.989
8636,90,1.936
8636,90,1.997
8637,90,1.923
8637,90,1.923
8637,90,1.932
8647,90,1.967
8647,90,1.945
8648,90,1.928
8648,90,1.910
8648,90,1.980
8648,90,1.993
8648,90,1.975
8648,90,1.936
8649,90,1.897
8659,90,1.984
8659,90,2.076
8659,90,1.941
8660,90,1.984
8660,90,1.928
8660,90,1.949
8660,90,1.914
8660,90,1.971
8660,90,1.949
8671,90,2.028
8671,90,1.936
8671,90,1.967
8671,90,1.997
8671,90,1.867
8672,90,1.914
8672,90,1.967
8672,90,1.962
8672,90,1.949
8682,90,2.015
8683,90,2.036
8683,90,1.993
8683,90,2.023
8683,90,1.949
8683,90,1.910
8683,90,1.949
8684,90,1.884
8684,90,1.993
8694,90,1.941
8694,90,1.923
8695,90,1.945
8695,90,1.962
8695,90,1.962
8695,90,2.032
8695,90,1.949
8695,90,1.910
8696,90,1.980
8706,90,1.936
8706,90,1.901
8706,90,1.914
8706,90,1.893
8707,90,1.958
8707,90,1.962
8707,90,1.941
8707,90,1.971
8707,90,2.010
8718,90,1.971
8718,90,2.019
8718,90,2.071
8718,90,1.980
8718,90,1.971
8718,90,1.962
8719,90,2.002
8719,90,1.871
8719,90,2.006
8729,90,1.923
8729,90,2.036
8730,90,1.910
8730,90,2.054
8730,90,1.949
8730,90,1.928
8730,90,1.975
8731,90,1.997
8731,90,1.936
8741,90,1.928
8741,90,1.975
8741,90,1.949
8742,90,1.949
8742,90,2.002
8742,90,1.923
8742,90,1.884
8742,90,1.875
8742,90,1.936
8753,90,1.962
8753,90,2.015
8753,90,1.962
8753,90,1.949
8753,90,1.980
8754,90,1.888
8754,90,1.971
8754,90,2.028
8754,90,1.962
8764,90,2.015
8765,90,2.015
8765,90,1.928
8765,90,1.989
8765,90,1.135
8765,90,1.122
8766,90,1.074
8766,90,1.252
8766,90,1.248
8766,90,1.248
8776,90,1.962
8777,90,1.962
8777,90,1.949
8777,90,1.975
8777,90,1.901
8777,90,1.936
8778,90,1.967
8778,90,1.893
8778,90,1.941
8788,90,1.928
8788,90,1.989
8789,90,1.897
8789,90,1.971
8789,90,1.993
8789,90,2.002
8789,90,1.919
8789,90,1.893
8790,90,1.958
8800,90,1.967
8800,90,1.980
8800,90,1.910
8800,90,1.867
8801,90,1.993
8801,90,2.015
8801,90,1.989
8801,90,1.875
8801,90,1.901
8812,90,1.928
8812,90,1.984
8812,90,1.858
8812,90,2.006
8812,90,1.962
8812,90,1.893
8813,90,2.010
8813,90,1.984
8813,90,1.993
8823,90,2.028
8824,90,1.949
8824,90,1.932
8824,90,2.071
8824,90,1.967
8824,90,1.962
8824,90,1.941
8825,90,1.975
8825,90,1.914
8835,90,1.984
8835,90,1.997
8835,90,2.036
8836,90,1.949
8836,90,1.914
8836,90,1.993
8836,90,1.962
8836,90,1.928
8836,90,1.980
8847,90,2.010
8847,90,1.932
8847,90,1.928
8847,90,1.962
8847,90,1.941
8848,90,1.888
8848,90,1.897
8848,90,1.862
8848,90,1.958
8858,90,1.884
8859,90,1.941
8859,90,1.980
8859,90,2.028
8859,90,1.936
8859,90,2.032
8860,90,1.941
8860,90,1.958
8860,90,1.941
8870,90,1.884
8870,90,1.928
8871,90,1.949
8871,90,1.914
8871,90,1.958
8871,90,1.967
8871,90,1.958
8871,90,2.036
8872,90,1.901
8882,90,1.910
8882,90,1.949
8882,90,1.897
8882,90,1.910
8883,90,2.015
8883,90,2.010
8883,90,1.893
8883,90,2.028
8883,90,1.958
8894,90,1.901
8894,90,1.923
8894,90,1.997
8894,90,1.954
8894,90,1.871
8895,90,1.928
8895,90,1.997
8895,90,1.984
8895,90,1.888
8905,90,1.875
8906,90,1.936
8906,90,1.997
8906,90,1.875
8906,90,1.936
8906,90,1.936
8906,90,2.036
8907,90,1.919
8907,90,1.997
8917,90,1.945
8917,90,2.067
8917,90,1.936
8918,90,1.945
8918,90,1.971
8918,90,1.862
8918,90,1.962
8918,90,1.989
8918,90,1.989
8929,90,1.949
8929,90,1.993
8929,90,2.010
8929,90,1.932
8929,90,1.936
8930,90,1.993
8930,90,1.941
8930,90,1.949
8930,90,1.975
8941,90,1.941
8941,90,1.980
8941,90,1.962
8941,90,1.989
8941,90,1.989
8941,90,2.093
8942,90,1.923
8942,90,1.914
8942,90,2.002
8952,90,1.932
8952,90,1.980
8953,90,1.932
8953,90,1.932
8953,90,1.984
8953,90,1.949
8953,90,1.932
8953,90,1.989
8954,90,1.954
8964,90,1.984
8964,90,1.984
8964,90,2.015
8964,90,1.888
8965,90,1.910
8965,90,1.958
8965,90,1.975
8965,90,1.941
8965,90,1.906
8976,90,1.910
8976,90,1.914
8976,90,1.949
8976,90,1.993
8976,90,1.941
8977,90,2.019
8977,90,1.989
8977,90,1.941
8977,90,1.980
8987,90,1.989
8988,90,1.880
8988,90,1.945
8988,90,1.936
8988,90,1.958
8988,90,1.989
8988,90,2.067
8989,90,1.932
8989,90,2.002
8999,90,1.941
8999,90,1.949
8999,90,1.906
9000,90,1.958
9000,90,1.932
9000,90,1.962
9000,90,1.762
9000,90,1.967
9000,90,1.997
9011,90,1.928
9011,90,1.932
9011,90,1.975
9011,90,1.906
9012,90,1.958
9012,90,1.997
9012,90,1.967
9012,90,2.002
9012,90,2.015
9023,90,1.989
9023,90,1.945
9023,90,1.910
9023,90,1.862
9023,90,1.967
9023,90,1.936
9024,90,2.058
9024,90,1.910
9024,90,1.845
9034,90,1.989
9035,90,1.906
9035,90,1.949
9035,90,1.993
9035,90,1.906
9035,90,1.984
9035,90,1.936
9036,90,1.980
9036,90,1.910
9046,90,1.980
9046,90,1.989
9046,90,1.997
9047,90,1.936
9047,90,1.827
9047,90,1.906
9047,90,1.967
9047,90,1.967
9047,90,1.997
9058,90,1.958
9058,90,1.936
9058,90,1.923
9058,90,2.010
9058,90,1.914
9059,90,1.971
9059,90,2.019
9059,90,2.002
9059,90,1.962
9070,90,1.923
9070,90,1.897
9070,90,1.928
9070,90,2.019
9070,90,1.980
9070,90,1.971
9071,90,1.945
9071,90,1.949
9071,90,1.923
9081,90,1.949
9081,90,1.932
9082,90,1.984
9082,90,1.949
9082,90,1.875
9082,90,1.971
9082,90,2.002
9082,90,1.914
9083,90,1.958
9093,90,1.840
9093,90,1.971
9093,90,1.967
9093,90,1.867
9094,90,1.897
9094,90,1.949
9094,90,1.997
9094,90,1.875
9094,90,1.941
9105,90,1.928
9105,90,1.997
9105,90,2.067
9105,90,1.967
9105,90,1.941
9106,90,1.997
9106,90,1.941
9106,90,1.997
9106,90,1.971
9116,90,1.984
9117,90,1.941
9117,90,1.880
9117,90,2.041
9117,90,1.941
9117,90,2.019
9117,90,1.910
9118,90,1.971
9118,90,2.006
9128,90,1.893
9128,90,1.941
9128,90,1.993
9129,90,1.954
9129,90,2.045
9129,90,1.936
9129,90,1.923
9129,90,1.914
9129,90,1.967
9140,90,2.023
9140,90,1.936
9140,90,1.880
9140,90,1.893
9140,90,1.958
9141,90,1.971
9141,90,1.901
9141,90,1.945
9141,90,1.962
9152,90,1.989
9152,90,1.932
9152,90,1.919
9152,90,1.962
9152,90,1.901
9152,90,2.049
9153,90,1.910
9153,90,2.010
9153,90,1.975
9163,90,1.975
9163,90,1.984
9164,90,1.962
9164,90,1.941
9164,90,1.971
9164,90,1.941
9164,90,1.867
9164,90,1.888
9165,90,1.914
9175,90,1.096
9175,90,1.178
9175,90,1.100
9175,90,1.143
9176,90,1.113
9176,90,1.187
9176,90,1.893
9176,90,1.949
9176,90,1.941
9187,90,1.980
9187,90,1.945
9187,90,2.067
9187,90,1.954
9187,90,1.958
9188,90,1.962
9188,90,2.006
9188,90,1.827
9188,90,1.989
9198,90,1.954
9199,90,1.958
9199,90,1.980
9199,90,1.910
9199,90,1.971
9199,90,1.853
9200,90,2.015
9200,90,1.967
9200,90,1.910
9210,90,2.032
9210,90,1.962
9211,90,1.958
9211,90,1.910
9211,90,2.036
9211,90,1.928
9211,90,1.923
9211,90,1.958
9212,90,1.936
9222,90,1.901
9222,90,1.997
9222,90,1.975
9222,90,1.945
9223,90,1.962
9223,90,1.936
9223,90,1.914
9223,90,1.945
9223,90,1.901
9234,90,1.910
9234,90,1.962
9234,90,2.045
9234,90,1.910
9234,90,1.914
9234,90,1.949
9235,90,1.958
9235,90,1.997
9235,90,2.045
9245,90,1.954
9246,90,1.971
9246,90,1.997
9246,90,1.919
9246,90,1.893
9246,90,2.006
9246,90,2.002
9247,90,1.993
9247,90,1.941
9257,90,1.901
9257,90,1.967
9257,90,1.884
9258,90,1.989
9258,90,1.971
9258,90,2.036
9258,90,1.949
9258,90,1.993
9258,90,1.975
9269,90,1.980
9269,90,2.023
9269,90,1.949
9269,90,1.975
9269,90,1.941
9270,90,1.910
9270,90,1.928
9270,90,1.875
9270,90,1.914
9281,90,1.919
9281,90,1.962
9281,90,1.901
9281,90,1.928
9281,90,2.028
9281,90,1.919
9282,90,2.006
9282,90,1.941
9282,90,1.936
9292,90,1.971
9292,90,1.980
9293,90,1.975
9293,90,1.997
9293,90,1.836
9293,90,1.962
9293,90,2.002
9293,90,1.893
9294,90,1.914
9304,90,1.867
9304,90,1.945
9304,90,1.980
9304,90,2.019
9305,90,1.958
9305,90,1.962
9305,90,2.010
9305,90,1.867
9305,90,1.975
9316,90,1.871
9316,90,1.836
9316,90,1.880
9316,90,1.997
9316,90,1.884
9317,90,1.880
9317,90,2.032
9317,90,1.910
9317,90,1.980
9327,90,1.997
9328,90,1.962
9328,90,2.006
9328,90,1.958
9328,90,2.058
9328,90,1.971
9328,90,2.071
9329,90,1.949
9329,90,1.806
9339,90,2.015
9339,90,1.980
9339,90,1.858
9340,90,1.962
9340,90,1.997
9340,90,2.015
9340,90,1.975
9340,90,1.962
9340,90,1.928
9351,90,1.984
9351,90,1.962
9351,90,2.002
9351,90,1.906
9351,90,1.945
9352,90,1.941
9352,90,1.893
9352,90,2.002
9352,90,1.962
9363,90,1.962
9363,90,1.867
9363,90,1.984
9363,90,1.901
9363,90,1.954
9363,90,1.941
9364,90,1.997
9364,90,1.975
9364,90,1.941
9374,90,1.910
9374,90,1.989
9375,90,1.945
9375,90,2.023
9375,90,1.901
9375,90,1.958
9375,90,1.923
9375,90,1.962
9376,90,1.888
9386,90,1.932
9386,90,1.989
9386,90,1.949
9386,90,1.936
9387,90,1.871
9387,90,1.910
9387,90,1.962
9387,90,1.989
9387,90,1.958
9398,90,1.980
9398,90,1.984
9398,90,1.910
9398,90,1.941
9398,90,2.023
9399,90,1.906
9399,90,2.023
9399,90,1.888
9399,90,1.928
9409,90,1.923
9410,90,1.914
9410,90,1.910
9410,90,1.923
9410,90,2.019
9410,90,1.971
9410,90,1.954
9411,90,1.906
9411,90,1.910
9421,90,1.945
9421,90,2.049
9421,90,2.002
9422,90,1.871
9422,90,2.023
9422,90,1.932
9422,90,1.888
9422,90,2.006
9422,90,1.945
9433,90,1.962
9433,90,1.910
9433,90,1.923
9433,90,1.949
9434,90,1.914
9434,90,1.875
9434,90,1.984
9434,90,1.997
9434,90,1.949
9445,90,1.932
9445,90,1.949
9445,90,1.949
9445,90,1.949
9445,90,1.941
9445,90,1.975
9446,90,1.941
9446,90,1.862
9446,90,1.945
9456,90,1.949
9456,90,1.971
9457,90,1.910
9457,90,2.006
9457,90,1.936
9457,90,1.936
9457,90,2.010
9457,90,1.949
9458,90,2.006
9468,90,1.984
9468,90,1.884
9468,90,1.928
9469,90,1.910
9469,90,1.893
9469,90,1.910
9469,90,1.971
9469,90,1.993
9469,90,1.954
9480,90,1.928
9480,90,1.989
9480,90,2.036
9480,90,1.923
9480,90,1.884
9481,90,1.923
9481,90,1.989
9481,90,1.936
9481,90,2.019
9491,90,2.015
9492,90,1.919
9492,90,1.945
9492,90,1.906
9492,90,1.993
9492,90,2.006
9492,90,1.936
9493,90,1.949
9493,90,1.967
9503,90,1.919
9503,90,1.945
9503,90,1.945
9504,90,1.936
9504,90,1.962
9504,90,2.036
9504,90,1.906
9504,90,1.993
9505,90,1.993
9515,90,2.006
9515,90,1.949
9515,90,1.923
9515,90,1.941
9516,90,1.906
9516,90,1.914
9516,90,1.980
9516,90,1.945
9516,90,2.002
9527,90,1.941
9527,90,1.923
9527,90,1.949
9527,90,1.980
9527,90,1.945
9528,90,1.967
9528,90,1.928
9528,90,1.975
9528,90,1.962
9538,90,1.958
9539,90,1.958
9539,90,2.015
9539,90,1.949
9539,90,1.923
9539,90,1.945
9539,90,1.845
9540,90,1.980
9540,90,2.102
9550,90,1.945
9550,90,1.919
9550,90,2.028
9551,90,1.945
9551,90,1.980
9551,90,1.906
9551,90,1.941
9551,90,1.893
9551,90,1.858
9562,90,2.015
9562,90,1.867
9562,90,1.910
9562,90,2.023
9562,90,1.962
9563,90,1.919
9563,90,1.945
9563,90,1.945
9563,90,2.019
9574,90,1.971
9574,90,1.910
9574,90,1.928
9574,90,1.853
9574,90,1.923
9574,90,1.975
9575,90,1.941
9575,90,1.941
9575,90,1.962
9585,90,1.126
9585,90,1.165
9586,90,1.143
9586,90,1.910
9586,90,1.962
9586,90,1.928
9586,90,1.962
9587,90,1.923
9587,90,1.989
9597,90,1.962
9597,90,1.975
9597,90,1.923
9598,90,1.897
9598,90,2.002
9598,90,1.910
9598,90,1.867
9598,90,1.936
9598,90,2.049
9609,90,1.971
9609,90,1.875
9609,90,1.936
9609,90,1.984
9609,90,1.932
9610,90,1.893
9610,90,1.945
9610,90,1.980
9610,90,1.901
9620,90,1.932
9621,90,1.989
9621,90,1.936
9621,90,1.923
9621,90,1.923
9621,90,1.980
9622,90,2.041
9622,90,1.958
9622,90,1.914
9632,90,1.962
9632,90,1.980
9633,90,1.871
9633,90,1.928
9633,90,1.928
9633,90,1.958
9633,90,1.893
9633,90,1.980
9634,90,1.980
9644,90,1.962
9644,90,1.967
9644,90,2.010
9644,90,1.958
9645,90,1.993
9645,90,1.936
9645,90,1.914
9645,90,1.993
9645,90,1.945
9656,90,1.906
9656,90,1.910
9656,90,1.919
9656,90,1.880
9656,90,1.914
9656,90,1.975
9657,90,1.932
9657,90,1.945
9657,90,1.993
9667,90,1.928
9668,90,1.897
9668,90,1.971
9668,90,1.932
9668,90,1.941
9668,90,2.002
9668,90,1.832
9669,90,1.945
9669,90,1.949
9679,90,1.914
9679,90,1.928
9679,90,1.941
9680,90,1.897
9680,90,1.806
9680,90,2.019
9680,90,1.997
9680,90,1.971
9680,90,2.045
9691,90,1.867
9691,90,1.997
9691,90,2.015
9691,90,1.997
9691,90,2.054
9692,90,2.019
9692,90,1.989
9692,90,2.019
9692,90,1.975
9703,90,1.932
9703,90,1.949
9703,90,1.962
9703,90,2.023
9703,90,1.962
9703,90,1.914
9704,90,1.945
9704,90,1.906
9704,90,1.919
9714,90,1.984
9714,90,1.980
9715,90,2.010
9715,90,2.032
9715,90,1.967
9715,90,1.941
9715,90,1.914
9715,90,2.032
9716,90,1.997
9726,90,1.997
9726,90,1.884
9726,90,1.928
9726,90,1.993
9727,90,1.945
9727,90,2.045
9727,90,1.989
9727,90,2.067
9727,90,1.949
9738,90,1.928
9738,90,1.971
9738,90,2.063
9738,90,1.875
9738,90,1.923
9739,90,1.975
9739,90,1.919
9739,90,1.901
9739,90,1.919
9749,90,1.871
9750,90,2.028
9750,90,1.945
9750,90,1.923
9750,90,1.919
9750,90,2.006
9750,90,2.015
9751,90,1.971
9751,90,1.893
9761,90,1.901
9761,90,1.928
9761,90,1.945
9762,90,1.945
9762,90,2.023
9762,90,1.958
9762,90,1.923
9762,90,1.975
9762,90,1.893
9773,90,1.919
9773,90,2.049
9773,90,2.010
9773,90,1.928
9773,90,1.936
9774,90,1.980
9774,90,1.967
9774,90,1.932
9774,90,2.093
9785,90,2.023
9785,90,1.949
9785,90,1.967
9785,90,1.901
9785,90,1.919
9785,90,1.971
9786,90,1.984
9786,90,1.971
9786,90,1.928
9796,90,2.023
9796,90,1.984
9797,90,1.949
9797,90,1.906
9797,90,1.928
9797,90,1.958
9797,90,1.919
9797,90,1.941
9798,90,1.906
9808,90,1.919
9808,90,1.936
9808,90,1.897
9808,90,1.945
9809,90,1.941
9809,90,1.910
9809,90,1.945
9809,90,1.949
9809,90,1.919
9820,90,2.006
9820,90,1.997
9820,90,1.980
9820,90,2.010
9820,90,1.954
9821,90,1.928
9821,90,2.054
9821,90,2.023
9821,90,1.936
9831,90,1.893
9832,90,1.975
9832,90,1.923
9832,90,1.910
9832,90,1.941
9832,90,2.006
9832,90,1.949
9833,90,1.923
9833,90,1.980
9843,90,2.036
9843,90,1.928
9843,90,1.997
9844,90,2.032
9844,90,2.002
9844,90,1.867
9844,90,1.932
9844,90,2.076
9844,90,1.910
9855,90,2.010
9855,90,2.006
9855,90,1.941
9855,90,1.945
9856,90,1.819
9856,90,2.006
9856,90,2.010
9856,90,1.880
9856,90,1.910
9867,90,1.810
9867,90,1.980
9867,90,2.023
9867,90,1.949
9867,90,1.941
9867,90,1.993
9868,90,1.993
9868,90,2.015
9868,90,1.980
9878,90,1.971
9878,90,1.928
9879,90,1.997
9879,90,1.962
9879,90,1.958
9879,90,1.949
9879,90,1.971
9879,90,1.997
9880,90,1.962
9890,90,1.954
9890,90,1.997
9890,90,1.936
9890,90,1.993
9891,90,1.989
9891,90,1.135
9891,90,1.152
9891,90,1.087
9891,90,1.187
9902,90,1.928
9902,90,1.897
9902,90,1.975
9902,90,1.997
9903,90,1.971
9903,90,1.958
9903,90,2.002
9903,90,1.958
9903,90,2.015
9914,90,1.941
9914,90,1.993
9914,90,1.897
9914,90,1.888
9914,90,1.997
9914,90,1.853
9915,90,1.827
9915,90,1.962
9915,90,1.975
9925,90,1.932
9925,90,2.015
9926,90,1.962
9926,90,2.006
9926,90,1.984
9926,90,2.002
9926,90,1.928
9926,90,1.971
9927,90,1.919
9937,90,1.958
9937,90,1.936
9937,90,1.941
9938,90,1.840
9938,90,1.971
9938,90,2.032
9938,90,1.975
9938,90,1.923
9938,90,2.002
9949,90,1.936
9949,90,1.936
9949,90,1.893
9949,90,2.032
9949,90,1.980
9950,90,1.980
9950,90,1.910
9950,90,1.880
9950,90,1.832
9960,90,1.958
9961,90,1.945
9961,90,1.941
9961,90,1.836
9961,90,1.871
9961,90,1.971
9961,90,1.919
9962,90,1.945
9962,90,2.015
9972,90,2.002
9972,90,1.832
9973,90,1.949
9973,90,2.071
9973,90,1.936
9973,90,1.945
9973,90,1.958
9973,90,2.002
9974,90,1.989
9984,90,1.928
9984,90,1.880
9984,90,1.949
9984,90,1.880
9985,90,1.906
9985,90,1.975
9985,90,1.901
9985,90,1.949
9985,90,1.967
9996,90,1.910
9996,90,1.897
9996,90,2.019
9996,90,1.923
9996,90,1.967
9997,90,2.019
9997,90,1.967
9997,90,1.923
9997,90,2.019
10007,90,1.989
10008,90,1.941
10008,90,1.836
10008,90,1.936
10008,90,1.962
10008,90,1.967
10008,90,1.919
10009,90,2.010
10019,90,2.002
10019,90,1.910
10019,90,1.989
10019,90,1.923
10020,90,2.002
10020,90,1.919
10020,90,1.941
10020,90,2.032
10020,90,2.089
10031,90,2.041
10031,90,2.028
10031,90,1.919
10031,90,1.932
10031,90,1.875
10032,90,1.910
10032,90,1.984
10032,90,1.984
10042,90,1.967
10042,90,1.893
10043,90,1.906
10043,90,1.875
10043,90,1.989
10043,90,1.967
10043,90,1.949
10043,90,1.962
10044,90,1.928
10054,90,1.958
10054,90,1.919
10054,90,1.997
10055,90,1.928
10055,90,1.967
10055,90,1.993
10055,90,1.941
10055,90,1.967
10066,90,1.989
10066,90,1.984
10066,90,2.076
10066,90,1.967
10066,90,1.936
10067,90,1.941
10067,90,1.945
10067,90,1.949
10077,90,1.923
10077,90,1.967
10078,90,1.914
10078,90,2.006
10078,90,1.914
10078,90,1.967
10078,90,1.967
10078,90,1.949
10079,90,2.032
10089,90,1.971
10089,90,1.928
10089,90,1.949
10089,90,1.897
10090,90,2.028
10090,90,1.932
10090,90,1.914
10090,90,1.980
10101,90,1.958
10101,90,1.980
10101,90,1.975
10101,90,2.015
10101,90,1.975
10101,90,1.984
10102,90,1.893
10102,90,1.884
10112,90,2.015
10112,90,1.962
10112,90,1.910
10113,90,1.971
10113,90,1.989
10113,90,1.932
10113,90,1.975
10113,90,2.067
10113,90,2.032
10124,90,1.914
10124,90,1.962
10124,90,1.984
10124,90,1.949
10125,90,1.906
10125,90,1.901
10125,90,1.928
10125,90,1.888
10135,90,1.945
10136,90,1.949
10136,90,1.884
10136,90,1.967
10136,90,1.949
10136,90,2.006
10136,90,2.067
10137,90,1.884
10137,90,1.945
10147,90,1.984
10147,90,2.002
10147,90,1.928
10148,90,1.910
10148,90,1.971
10148,90,1.984
10148,90,1.980
10148,90,2.028
10159,90,1.958
10159,90,1.941
10159,90,1.910
10159,90,1.888
10159,90,2.006
10160,90,1.936
10160,90,2.010
10160,90,1.958
10170,90,2.106
10170,90,1.893
10171,90,2.019
10171,90,1.989
10171,90,2.045
10171,90,1.989
10171,90,1.906
10171,90,1.897
10172,90,1.893
10182,90,1.993
10182,90,1.884
10182,90,1.949
10182,90,1.997
10183,90,1.910
10183,90,1.936
10183,90,2.023
10183,90,1.901
10194,90,1.993
10194,90,1.993
10194,90,2.032
10194,90,1.901
10194,90,1.941
10194,90,1.936
10195,90,1.954
10195,90,1.932
10205,90,2.006
10205,90,1.962
10205,90,1.936
10206,90,1.984
10206,90,1.893
10206,90,1.967
10206,90,1.928
10206,90,1.980
10207,90,2.015
10217,90,2.006
10217,90,1.967
10217,90,1.910
10217,90,1.997
10218,90,1.928
10218,90,1.932
10218,90,2.023
10218,90,2.054
10228,90,1.941
10229,90,2.010
10229,90,1.897
10229,90,2.015
10229,90,1.932
10229,90,1.936
10229,90,1.993
10230,90,1.936
10230,90,1.901
10240,90,1.923
10240,90,1.936
10240,90,1.906
10241,90,1.923
10241,90,1.975
10241,90,1.862
10241,90,1.980
10241,90,1.871
10252,90,1.945
10252,90,1.984
10252,90,1.975
10252,90,2.019
10252,90,1.884
10253,90,1.980
10253,90,1.993
10253,90,1.971
10263,90,1.993
10263,90,1.958
10264,90,1.862
10264,90,1.875
10264,90,1.975
10264,90,2.067
10264,90,1.958
10264,90,1.941
10265,90,1.928
10275,90,1.962
10275,90,1.928
10275,90,1.888
10276,90,1.967
10276,90,1.901
10276,90,1.975
10276,90,1.923
10276,90,2.036
10287,90,1.945
10287,90,1.888
10287,90,1.962
10287,90,1.993
10287,90,1.962
10287,90,1.975
10288,90,1.928
10288,90,1.967
10298,90,1.958
10298,90,1.967
10299,90,1.880
10299,90,1.928
10299,90,1.919
10299,90,1.919
10299,90,1.936
10299,90,1.975
10300,90,1.989
10310,90,1.932
10310,90,2.049
10310,90,1.928
10310,90,1.923
10311,90,1.928
10311,90,1.980
10311,90,1.993
10311,90,1.910
10321,90,1.901
10322,90,1.993
10322,90,1.928
10322,90,1.975
10322,90,2.006
10322,90,1.910
10322,90,1.989
10323,90,1.997
10323,90,1.962
10333,90,1.914
10333,90,1.901
10334,90,1.962
10334,90,1.919
10334,90,1.993
10334,90,1.888
10334,90,1.941
10334,90,1.928
10345,90,1.980
10345,90,1.901
10345,90,1.975
10345,90,1.993
10345,90,1.936
10346,90,1.893
10346,90,1.941
10346,90,1.888
10356,90,1.932
10357,90,1.975
10357,90,1.958
10357,90,1.975
10357,90,2.010
10357,90,1.884
10357,90,1.945
10358,90,1.928
10358,90,1.997
10368,90,1.962
10368,90,1.941
10368,90,1.958
10369,90,1.980
10369,90,1.958
10369,90,1.867
10369,90,2.023
10369,90,2.045
10380,90,1.941
10380,90,1.989
10380,90,1.989
10380,90,1.945
10380,90,2.010
10381,90,1.945
10381,90,1.962
10381,90,1.989
10391,90,1.932
10391,90,1.997
10392,90,1.867
10392,90,1.949
10392,90,2.010
10392,90,1.967
10392,90,1.958
10392,90,1.967
10393,90,1.941
10403,90,1.932
10403,90,1.941
10403,90,2.010
10404,90,1.975
10404,90,1.239
10404,90,1.174
10404,90,1.113
10404,90,1.305
10415,90,1.993
10415,90,1.980
10415,90,1.975
10415,90,1.928
10415,90,2.067
10416,90,1.914
10416,90,1.928
10416,90,1.984
10416,90,1.984
10426,90,1.997
10427,90,2.015
10427,90,1.884
10427,90,1.971
10427,90,1.888
10427,90,2.076
10427,90,1.932
10428,90,1.989
10438,90,1.975
10438,90,1.906
10438,90,1.971
10438,90,1.997
10439,90,2.015
10439,90,1.954
10439,90,1.975
10439,90,2.036
10450,90,1.928
10450,90,1.910
10450,90,1.975
10450,90,1.967
10450,90,1.945
10450,90,1.997
10451,90,1.949
10451,90,1.928
10451,90,1.975
10461,90,1.928
10461,90,1.984
10462,90,1.928
10462,90,1.884
10462,90,1.945
10462,90,1.975
10462,90,1.867
10462,90,2.041
10473,90,2.054
10473,90,1.989
10473,90,1.923
10473,90,1.971
10474,90,2.010
10474,90,1.858
10474,90,2.010
10474,90,1.962
10474,90,1.936
10485,90,1.945
10485,90,1.884
10485,90,1.836
10485,90,1.914
10485,90,1.975
10485,90,1.914
10486,90,1.858
10486,90,1.962
10496,90,1.980
10496,90,1.910
10497,90,1.980
10497,90,1.945
10497,90,1.941
10497,90,1.962
10497,90,2.023
10497,90,1.975
10508,90,1.941
10508,90,1.923
10508,90,1.989
10508,90,2.015
10508,90,1.871
10509,90,1.993
10509,90,1.923
10509,90,1.980
10509,90,1.914
10520,90,1.980
10520,90,1.993
10520,90,1.936
10520,90,1.893
10520,90,2.019
10520,90,1.958
10521,90,1.901
10521,90,1.932
10531,90,1.941
10531,90,1.989
10531,90,1.932
10532,90,1.897
10532,90,1.906
10532,90,1.967
10532,90,1.910
10532,90,2.015
10532,90,1.962
10543,90,1.958
10543,90,1.906
10543,90,1.993
10543,90,1.984
10544,90,1.993
10544,90,1.989
10544,90,1.997
10544,90,1.980
10554,90,2.049
10555,90,1.936
10555,90,1.967
10555,90,2.002
10555,90,1.941
10555,90,1.932
10556,90,1.958
10556,90,1.893
10566,90,2.015
10566,90,1.967
10566,90,1.989
10567,90,1.888
10567,90,1.958
10567,90,2.010
10567,90,1.949
10567,90,1.989
10567,90,1.980
10578,90,1.910
10578,90,2.023
10578,90,1.971
10578,90,1.941
10578,90,2.028
10579,90,1.967
10579,90,1.906
10579,90,1.928
10589,90,2.002
10590,90,1.932
10590,90,1.945
10590,90,1.962
10590,90,2.023
10590,90,1.906
10590,90,2.023
10591,90,1.984
10601,90,2.028
10601,90,1.954
10601,90,1.993
10601,90,1.997
10602,90,1.958
10602,90,1.989
10602,90,1.975
10602,90,1.949
10602,90,1.936
10613,90,2.067
10613,90,1.980
10613,90,2.036
10613,90,1.945
10613,90,1.958
10614,90,1.945
10614,90,1.945
10614,90,2.006
10624,90,1.989
10624,90,1.971
10625,90,2.023
10625,90,1.962
10625,90,1.949
10625,90,1.932
10625,90,1.967
10625,90,1.888
10626,90,1.932
10636,90,1.989
10636,90,1.975
10636,90,1.901
10636,90,1.993
10637,90,1.949
10637,90,1.910
10637,90,1.910
10637,90,1.945
10648,90,1.945
10648,90,1.975
10648,90,2.002
10648,90,1.941
10648,90,1.945
10648,90,1.893
10649,90,1.967
10649,90,1.880
10659,90,1.941
10659,90,1.880
10659,90,1.910
10660,90,2.010
10660,90,2.015
10660,90,1.945
10660,90,2.019
10660,90,1.971
10660,90,2.032
10671,90,1.980
10671,90,1.919
10671,90,1.971
10671,90,1.923
10672,90,1.914
10672,90,2.032
10672,90,1.980
10672,90,1.888
10682,90,1.923
10683,90,1.984
10683,90,1.984
10683,90,1.945
10683,90,1.814
10683,90,1.932
10683,90,1.945
10684,90,1.971
10694,90,1.901
10694,90,1.984
10694,90,1.945
10694,90,2.006
10695,90,1.971
10695,90,1.910
10695,90,1.980
10695,90,1.906
10695,90,1.980
10706,90,1.932
10706,90,2.002
10706,90,1.914
10706,90,1.923
10706,90,1.923
10707,90,1.928
10707,90,1.975
10707,90,2.006
10717,90,1.949
10717,90,1.880
10718,90,1.962
10718,90,1.949
10718,90,1.936
10718,90,1.941
10718,90,2.015
10718,90,1.971
10719,90,1.888
10729,90,2.019
10729,90,1.884
10729,90,1.945
10730,90,1.967
10730,90,1.897
10730,90,2.006
10730,90,1.984
10730,90,1.945
10741,90,1.862
10741,90,1.941
10741,90,1.941
10741,90,1.954
10741,90,2.010
10742,90,1.910
10742,90,1.949
10742,90,1.897
10752,90,1.910
10752,90,1.945
10753,90,2.015
10753,90,1.967
10753,90,2.028
10753,90,1.945
10753,90,1.906
10753,90,1.936
10754,90,1.932
10764,90,1.867
10764,90,1.941
10764,90,1.962
10764,90,1.919
10765,90,1.980
10765,90,1.975
10765,90,1.901
10765,90,1.914
10776,90,2.076
10776,90,2.023
10776,90,1.906
10776,90,1.928
10776,90,1.967
10776,90,2.006
10777,90,1.997
10777,90,2.010
10777,90,1.975
10787,90,1.945
10787,90,1.928
10788,90,1.910
10788,90,1.989
10788,90,1.984
10788,90,1.884
10788,90,1.958
10788,90,2.015
10799,90,1.958
10799,90,1.975
10799,90,1.897
10799,90,1.989
10800,90,1.949
10800,90,1.971
10800,90,1.897
10800,90,1.984
10810,90,1.993
10811,90,1.962
10811,90,2.019
10811,90,1.989
10811,90,1.914
10811,90,1.932
10811,90,2.023
10812,90,1.884
10812,90,1.928
10822,90,1.897
10822,90,1.941
10823,90,1.967
10823,90,2.010
10823,90,2.002
10823,90,1.984
10823,90,1.897
10823,90,1.880
10834,90,2.010
10834,90,1.810
10834,90,1.975
10834,90,1.958
10834,90,1.980
10835,90,2.023
10835,90,2.002
10835,90,1.997
10845,90,1.954
10846,90,1.914
10846,90,1.967
10846,90,1.875
10846,90,1.928
10846,90,1.962
10846,90,1.932
10847,90,1.871
10847,90,1.993
10857,90,2.019
10857,90,1.945
10857,90,2.023
10858,90,1.928
10858,90,1.906
10858,90,1.923
10858,90,2.041
10858,90,1.954
10869,90,1.962
10869,90,1.928
10869,90,1.954
10869,90,1.932
10869,90,1.971
10870,90,2.010
10870,90,1.923
10870,90,1.980
10870,90,1.958
10880,90,2.006
10881,90,1.975
10881,90,1.949
10881,90,2.010
10881,90,1.936
10881,90,1.980
10881,90,1.945
10882,90,1.897
10892,90,1.958
10892,90,1.932
10892,90,1.984
10893,90,2.054
10893,90,1.932
10893,90,1.928
10893,90,1.980
10893,90,1.958
10904,90,1.914
10904,90,1.949
10904,90,2.006
10904,90,1.840
10904,90,1.923
10905,90,1.958
10905,90,1.945
10905,90,2.015
10905,90,1.975
10916,90,1.845
10916,90,1.191
10916,90,1.178
10916,90,1.152
10916,90,1.113
10917,90,1.143
10917,90,1.200
10917,90,1.196
10927,90,1.971
10927,90,1.971
10928,90,1.897
10928,90,1.975
10928,90,1.914
10928,90,1.962
10928,90,1.958
10928,90,1.967
10929,90,2.006
10939,90,1.923
10939,90,1.945
10939,90,1.949
10939,90,1.954
10940,90,2.041
10940,90,1.958
10940,90,1.941
10940,90,1.923
10951,90,1.984
10951,90,1.884
10951,90,1.962
10951,90,1.928
10951,90,1.975
10951,90,1.906
10952,90,1.954
10952,90,2.032
10952,90,1.906
10962,90,2.002
10962,90,1.941
10963,90,1.906
10963,90,1.997
10963,90,2.019
10963,90,1.932
10963,90,1.941
10963,90,1.975
10974,90,1.989
10974,90,1.932
10974,90,1.884
10974,90,1.875
10975,90,1.997
10975,90,1.906
10975,90,1.928
10975,90,1.932
10985,90,1.936
10986,90,2.002
10986,90,1.928
10986,90,2.002
10986,90,1.967
10986,90,1.880
10986,90,1.936
10987,90,1.941
10987,90,1.993
10997,90,1.897
10997,90,1.949
10998,90,1.875
10998,90,1.962
10998,90,1.906
10998,90,1.958
10998,90,1.993
10998,90,1.888
11009,90,1.967
11009,90,2.019
11009,90,2.010
11009,90,1.945
11009,90,1.853
11010,90,2.006
11010,90,1.923
11010,90,1.893
11020,90,2.015
11021,90,1.967
11021,90,1.971
11021,90,1.971
11021,90,2.023
11021,90,1.862
11021,90,1.993
11022,90,1.923
11022,90,1.871
11032,90,1.993
11032,90,1.980
11032,90,1.971
11033,90,1.919
11033,90,1.875
11033,90,1.901
11033,90,1.932
11033,90,1.989
11044,90,1.923
11044,90,1.958
11044,90,1.941
11044,90,1.893
11044,90,1.980
11045,90,2.032
11045,90,1.914
11045,90,2.019
11045,90,1.984
11055,90,1.897
11056,90,1.962
11056,90,1.928
11056,90,1.989
11056,90,1.945
11056,90,1.984
11056,90,1.840
11057,90,2.002
11067,90,1.906
11067,90,2.006
11067,90,1.949
11068,90,1.928
11068,90,1.945
11068,90,1.949
11068,90,1.971
11068,90,2.019
11079,90,2.002
11079,90,1.910
11079,90,1.945
11079,90,1.871
11079,90,2.036
11079,90,2.041
11080,90,2.002
11080,90,1.962
11080,90,1.989
11090,90,1.980
11090,90,1.888
11091,90,1.980
11091,90,1.980
11091,90,1.958
11091,90,1.914
11091,90,1.941
11092,90,1.906
11102,90,1.971
11102,90,1.941
11102,90,1.923
11102,90,2.019
11103,90,1.914
11103,90,2.023
11103,90,2.015
11103,90,1.971
11103,90,1.984
11114,90,1.928
11114,90,1.941
11114,90,1.949
11114,90,1.893
11114,90,1.971
11115,90,1.975
11115,90,1.941
11115,90,1.997
11125,90,1.923
11125,90,1.862
11126,90,1.967
11126,90,1.928
11126,90,1.901
11126,90,1.888
11126,90,1.980
11126,90,1.901
11137,90,1.945
11137,90,1.875
11137,90,2.002
11137,90,2.010
11138,90,1.949
11138,90,2.006
11138,90,2.002
11138,90,1.975
11138,90,1.980
11149,90,1.967
11149,90,1.984
11149,90,1.962
11149,90,1.936
11149,90,1.941
11149,90,1.962
11150,90,1.989
11150,90,1.967
11160,90,1.962
11160,90,1.923
11160,90,1.906
11161,90,1.832
11161,90,1.967
11161,90,1.958
11161,90,1.919
11161,90,1.984
11172,90,1.910
11172,90,1.993
11172,90,2.010
11172,90,1.962
11172,90,2.002
11173,90,1.958
11173,90,1.975
11173,90,1.967
11173,90,1.984
11183,90,1.967
11184,90,2.032
11184,90,1.932
11184,90,1.993
11184,90,1.984
11184,90,1.910
11184,90,1.984
11185,90,1.971
11195,90,1.923
11195,90,1.962
11195,90,1.888
11196,90,2.023
11196,90,1.910
11196,90,1.928
11196,90,1.997
11196,90,1.958
11196,90,1.932
11207,90,1.984
11207,90,1.941
11207,90,1.923
11207,90,1.936
11207,90,2.036
11208,90,1.914
11208,90,1.919
11208,90,1.862
11218,90,2.006
11218,90,1.975
11219,90,1.993
11219,90,1.928
11219,90,1.871
11219,90,1.901
11219,90,1.932
11220,90,1.967
11230,90,1.997
11230,90,1.906
11230,90,1.989
11230,90,1.875
11231,90,2.019
11231,90,1.997
11231,90,1.906
11231,90,2.002
11231,90,2.002
11242,90,1.906
11242,90,2.036
11242,90,2.028
11242,90,1.928
11242,90,1.993
11242,90,2.010
11243,90,1.862
11243,90,1.871
11253,90,1.945
11253,90,2.006
11254,90,1.845
11254,90,1.897
11254,90,1.971
11254,90,1.945
11254,90,1.975
11254,90,2.028
11265,90,1.971
11265,90,1.975
11265,90,2.036
11265,90,1.910
11265,90,2.036
11266,90,1.888
11266,90,1.962
11266,90,1.919
11266,90,1.997
11276,90,1.967
11277,90,1.975
11277,90,1.906
11277,90,1.910
11277,90,1.993
11277,90,1.888
11278,90,1.928
11278,90,1.949
11288,90,1.971
11288,90,1.980
11288,90,1.958
11289,90,1.897
11289,90,1.888
11289,90,1.971
11289,90,1.993
11289,90,2.015
11289,90,1.880
11300,90,1.967
11300,90,1.997
11300,90,1.936
11300,90,1.845
11300,90,1.888
11301,90,1.914
11301,90,1.967
11301,90,1.949
11311,90,1.928
11312,90,1.980
11312,90,1.906
11312,90,1.910
11312,90,1.936
11312,90,1.910
11312,90,2.006
11313,90,1.980
11323,90,1.980
11323,90,1.958
11323,90,2.002
11323,90,1.993
11324,90,1.919
11324,90,1.936
11324,90,1.832
11324,90,1.893
11324,90,1.928
11335,90,1.989
11335,90,1.884
11335,90,1.932
11335,90,2.006
11335,90,1.932
11336,90,1.989
11336,90,2.041
11336,90,1.919
11346,90,2.028
11346,90,1.897
11347,90,1.949
11347,90,1.941
11347,90,1.932
11347,90,1.975
11347,90,1.975
11347,90,1.906
11358,90,2.045
11358,90,1.932
11358,90,1.971
11358,90,1.962
11358,90,1.989
11359,90,1.958
11359,90,2.023
11359,90,2.032
11359,90,1.928
11370,90,1.962
11370,90,2.010
11370,90,1.984
11370,90,1.954
11370,90,1.975
11370,90,2.006
11371,90,1.914
11371,90,1.980
11381,90,1.928
11381,90,2.010
11381,90,1.884
11382,90,1.845
11382,90,2.010
11382,90,1.949
11382,90,1.958
11382,90,1.958
11382,90,1.884
11393,90,1.880
11393,90,1.919
11393,90,2.032
11393,90,1.971
11393,90,1.984
11394,90,1.997
11394,90,1.962
11394,90,1.971
11404,90,2.010
11405,90,1.893
11405,90,1.936
11405,90,2.015
11405,90,2.019
11405,90,1.949
11405,90,1.945
11406,90,1.967
11416,90,1.971
11416,90,1.989
11416,90,2.049
11416,90,2.006
11417,90,1.980
11417,90,1.880
11417,90,1.980
11417,90,1.875
11417,90,1.962
11428,90,1.218
11428,90,1.222
11428,90,1.091
11428,90,1.013
11428,90,1.178
11429,90,1.235
11429,90,1.178
11429,90,1.204
11439,90,1.989
11439,90,2.041
11440,90,1.958
11440,90,1.949
11440,90,1.980
11440,90,2.015
11440,90,1.980
11440,90,2.028
11451,90,2.067
11451,90,1.989
11451,90,1.871
11451,90,1.945
11452,90,1.932
11452,90,1.928
11452,90,1.914
11452,90,1.923
11452,90,1.923
11463,90,1.928
11463,90,1.993
11463,90,1.984
11463,90,2.036
11463,90,1.932
11463,90,1.923
11464,90,1.984
11464,90,1.871
11474,90,1.932
11474,90,1.871
11474,90,1.980
11475,90,1.910
11475,90,1.897
11475,90,1.962
11475,90,1.980
11475,90,1.923
11476,90,1.984
11486,90,1.906
11486,90,2.028
11486,90,1.967
11486,90,1.897
11487,90,1.949
11487,90,1.906
11487,90,2.067
11487,90,1.984
11497,90,2.002
11498,90,1.910
11498,90,1.980
11498,90,1.967
11498,90,1.906
11498,90,1.962
11498,90,2.015
11499,90,1.971
11509,90,1.928
11509,90,1.928
11509,90,1.949
11510,90,1.897
11510,90,1.897
11510,90,2.010
11510,90,1.906
11510,90,1.906
11510,90,1.923
11521,90,1.845
11521,90,1.897
11521,90,1.975
11521,90,1.901
11521,90,1.923
11522,90,1.928
11522,90,1.949
11522,90,1.958
11532,90,1.945
11532,90,1.989
11533,90,1.941
11533,90,2.006
11533,90,1.949
11533,90,1.928
11533,90,2.036
11534,90,1.941
11544,90,2.002
11544,90,1.989
11544,90,1.914
11544,90,1.941
11545,90,1.954
11545,90,1.858
11545,90,1.945
11545,90,2.045
11545,90,1.919
11556,90,1.941
11556,90,1.975
11556,90,2.015
11556,90,2.002
11556,90,1.936
11556,90,1.914
11557,90,1.906
11557,90,1.993
11567,90,1.932
11567,90,1.962
11568,90,1.993
11568,90,1.941
11568,90,1.919
11568,90,2.054
11568,90,2.032
11568,90,1.884
11569,90,1.901
11579,90,1.980
11579,90,1.993
11579,90,1.923
11579,90,1.910
11580,90,1.971
11580,90,1.901
11580,90,1.923
11580,90,1.919
11590,90,1.919
11591,90,1.989
11591,90,1.906
11591,90,1.888
11591,90,1.997
11591,90,2.015
11592,90,1.932
11592,90,1.936
11602,90,2.032
11602,90,1.949
11602,90,1.967
11603,90,1.958
11603,90,1.932
11603,90,2.015
11603,90,1.932
11603,90,1.997
11603,90,1.932
11614,90,1.967
11614,90,1.914
11614,90,1.980
11614,90,1.945
11614,90,1.875
11615,90,1.993
11615,90,2.010
11615,90,2.023
11625,90,1.997
11626,90,1.980
11626,90,1.980
11626,90,1.901
11626,90,1.928
11626,90,1.941
11626,90,1.919
11627,90,1.893
11637,90,1.888
11637,90,1.884
11637,90,1.962
11637,90,1.941
11638,90,1.967
11638,90,1.997
11638,90,2.015
11638,90,1.888
11638,90,1.993
11649,90,2.002
11649,90,1.941
11649,90,1.962
11649,90,1.980
11649,90,1.875
11650,90,1.962
11650,90,1.962
11650,90,1.932
11660,90,2.015
11660,90,1.941
11661,90,1.993
11661,90,1.958
11661,90,1.980
11661,90,1.989
11661,90,2.028
11661,90,2.032
11662,90,1.949
11672,90,1.984
11672,90,1.989
11672,90,1.906
11672,90,1.832
11673,90,1.967
11673,90,1.945
11673,90,1.923
11673,90,1.962
11684,90,1.928
11684,90,1.962
11684,90,1.910
11684,90,1.888
11684,90,2.015
11684,90,2.049
11685,90,1.923
11685,90,1.954
11695,90,1.928
11695,90,1.993
11695,90,1.993
11696,90,2.041
11696,90,1.910
11696,90,1.888
11696,90,1.906
11696,90,1.949
11696,90,1.932
11707,90,1.967
11707,90,2.015
11707,90,2.002
11707,90,1.971
11708,90,1.945
11708,90,1.949
11708,90,1.858
11708,90,2.006
11718,90,1.919
11719,90,1.910
11719,90,1.962
11719,90,1.853
11719,90,1.888
11719,90,1.967
11719,90,1.906
11720,90,1.945
11730,90,1.941
11730,90,1.910
11730,90,1.993
11730,90,1.941
11731,90,1.975
11731,90,1.975
11731,90,1.936
11731,90,1.901
11731,90,1.989
11742,90,1.984
11742,90,1.928
11742,90,1.893
11742,90,1.910
11742,90,1.941
11743,90,1.928
11743,90,1.845
11743,90,1.941
11753,90,2.049
11753,90,2.002
11754,90,1.967
11754,90,1.897
11754,90,1.945
11754,90,1.949
11754,90,1.949
11754,90,2.019
11755,90,1.993
11765,90,1.906
11765,90,1.962
11765,90,2.019
11765,90,1.919
11766,90,1.880
11766,90,1.962
11766,90,1.945
11766,90,1.867
11777,90,1.984
11777,90,1.932
11777,90,1.941
11777,90,1.984
11777,90,1.928
11777,90,2.010
11778,90,1.919
11778,90,1.941
11788,90,1.928
11788,90,1.932
11788,90,1.971
11789,90,1.993
11789,90,1.984
11789,90,1.997
11789,90,2.006
11789,90,1.853
11790,90,1.941
11800,90,1.928
11800,90,1.967
11800,90,1.997
11800,90,1.997
11801,90,1.941
11801,90,1.989
11801,90,1.888
11801,90,1.958
11811,90,1.941
11812,90,1.980
11812,90,1.932
11812,90,2.002
11812,90,1.993
11812,90,1.945
11812,90,1.941
11813,90,1.980
11823,90,1.971
11823,90,1.945
11823,90,1.910
11824,90,2.067
11824,90,1.945
11824,90,2.058
11824,90,2.028
11824,90,1.928
11824,90,1.932
11835,90,2.054
11835,90,2.002
11835,90,2.019
11835,90,1.971
11835,90,1.932
11836,90,1.997
11836,90,1.893
11836,90,1.919
11846,90,1.919
11847,90,1.958
11847,90,1.914
11847,90,1.893
11847,90,1.897
11847,90,1.928
11847,90,1.893
11848,90,1.997
11848,90,1.914
11858,90,1.941
11858,90,1.893
11858,90,1.997
11859,90,1.997
11859,90,1.993
11859,90,1.945
11859,90,1.993
11859,90,1.936
11870,90,2.006
11870,90,1.949
11870,90,1.984
11870,90,1.967
11870,90,1.975
11871,90,1.888
11871,90,1.967
11871,90,2.006
11881,90,1.901
11881,90,1.971
11882,90,1.989
11882,90,1.897
11882,90,1.958
11882,90,1.954
11882,90,1.984
11882,90,2.063
11883,90,1.928
11893,90,1.923
11893,90,1.893
11893,90,1.932
11894,90,2.041
11894,90,1.849
11894,90,1.914
11894,90,1.936
11894,90,1.958
11905,90,2.071
11905,90,1.936
11905,90,1.975
11905,90,1.984
11905,90,1.967
11905,90,1.923
11906,90,1.984
11906,90,1.928
11906,90,1.989
11916,90,1.936
11917,90,2.002
11917,90,1.936
11917,90,1.919
11917,90,1.962
11917,90,2.019
11917,90,1.945
11918,90,1.958
11928,90,1.928
11928,90,1.941
11928,90,1.949
11928,90,1.945
11929,90,1.910
11929,90,1.923
11929,90,1.949
11929,90,1.936
11940,90,1.283
11940,90,1.143
11940,90,1.139
11940,90,1.109
11940,90,1.130
11940,90,1.165
11941,90,1.135
11941,90,1.104
11941,90,1.157
11951,90,1.958
11951,90,1.871
11952,90,1.975
11952,90,1.945
11952,90,2.076
11952,90,1.949
11952,90,1.897
11952,90,1.914
11963,90,2.028
11963,90,1.997
11963,90,1.928
11963,90,1.980
11964,90,1.997
11964,90,1.975
11964,90,1.945
11964,90,1.893
11974,90,1.941
11975,90,2.032
11975,90,1.936
11975,90,1.993
11975,90,1.949
11975,90,1.923
11975,90,1.945
11976,90,2.006
11976,90,1.949
11986,90,1.993
11986,90,1.936
11986,90,1.958
11987,90,1.971
11987,90,1.884
11987,90,1.958
11987,90,1.967
11987,90,2.006
11998,90,1.967
11998,90,1.975
11998,90,2.023
11998,90,2.023
11998,90,1.884
11999,90,2.049
11999,90,1.967
11999,90,1.958
11999,90,1.980
12009,90,1.997
12010,90,2.006
12010,90,1.967
12010,90,2.015
12010,90,2.019
12010,90,1.949
12011,90,1.975
12011,90,2.010
12021,90,1.893
12021,90,1.906
12021,90,2.010
12022,90,2.023
12022,90,1.971
12022,90,1.997
12022,90,1.962
12022,90,1.923
12033,90,1.967
12033,90,2.049
12033,90,1.932
12033,90,1.853
12033,90,2.019
12033,90,2.032
12034,90,1.958
12034,90,1.910
12034,90,1.923
12044,90,2.015
12045,90,1.932
12045,90,1.888
12045,90,1.936
12045,90,2.006
12045,90,1.901
12045,90,1.989
12046,90,2.041
12056,90,1.984
12056,90,1.980
12056,90,1.980
12056,90,2.002
12057,90,2.006
12057,90,1.954
12057,90,2.015
12057,90,2.028
12057,90,1.919
12068,90,1.971
12068,90,2.036
12068,90,2.019
12068,90,1.997
12068,90,2.041
12069,90,1.975
12069,90,1.928
12069,90,1.910
12079,90,2.006
12080,90,1.919
12080,90,2.019
12080,90,1.893
12080,90,1.980
12080,90,1.962
12080,90,1.949
12081,90,1.906
12091,90,2.006
12091,90,1.949
12091,90,1.936
12091,90,1.932
12092,90,1.993
12092,90,1.993
12092,90,1.932
12092,90,2.010
12092,90,1.888
12103,90,1.936
12103,90,1.962
12103,90,2.028
12103,90,1.893
12103,90,1.949
12103,90,1.975
12104,90,1.919
12104,90,1.980
12114,90,1.984
12114,90,1.936
12115,90,1.936
12115,90,1.919
12115,90,1.958
12115,90,2.002
12115,90,1.928
12115,90,1.971
12126,90,1.997
12126,90,1.914
12126,90,2.019
12126,90,1.897
12126,90,2.010
12127,90,1.975
12127,90,1.945
12127,90,1.910
12127,90,1.945
12138,90,2.023
12138,90,1.914
12138,90,2.071
12138,90,1.928
12138,90,2.023
12138,90,1.941
12139,90,1.954
12139,90,2.002
12149,90,2.002
12149,90,2.002
12149,90,2.041
12150,90,1.949
12150,90,1.936
12150,90,1.997
12150,90,1.967
12150,90,1.880
12150,90,1.967
12161,90,1.997
12161,90,1.975
12161,90,1.984
12161,90,1.853
12162,90,1.984
12162,90,1.941
12162,90,1.975
12162,90,1.840
12172,90,1.945
12173,90,1.901
12173,90,2.019
12173,90,1.962
12173,90,1.962
12173,90,1.945
12173,90,1.914
12174,90,2.015
12184,90,1.914
12184,90,2.002
12184,90,1.971
12185,90,1.962
12185,90,1.945
12185,90,2.036
12185,90,1.962
12185,90,2.002
12185,90,1.967
12196,90,2.028
12196,90,1.923
12196,90,2.010
12196,90,1.984
12196,90,1.949
12197,90,1.928
12197,90,1.958
12197,90,1.980
12207,90,2.015
12207,90,1.984
12208,90,1.932
12208,90,1.936
12208,90,1.975
12208,90,1.949
12208,90,1.989
12209,90,1.910
12209,90,1.901
